"","ordem","data_entrada","municipio","decreto_nr","decreto_data","decreto_vigencia","vencimento","desastre","lat","lon","icon_df","image_df","dt_atu"
"1","1","30/09/2022","Alfenas","3.287","23/09/2022","180","22/03/2023","TEMPESTADE LOCAL/ CONVECTIVA - CHUVAS INTENSAS",-21.3886428803425,-45.9662482932354,"Tempestade","images/temp.png","22/01/2023"
"2","2","05/10/2022","Capetinga","58","01/10/2022","180","30/03/2023","TEMPESTADE LOCAL/ CONVECTIVA - CHUVAS INTENSAS",-20.6572766275605,-47.0318226800449,"Tempestade","images/temp.png","22/01/2023"
"3","2","11/01/2023","Capetinga","11","10/01/2023","180","09/07/2023","TEMPESTADE LOCAL CONVECTIVA - CHUVAS INTENSAS",-20.6572766275605,-47.0318226800449,"Tempestade","images/temp.png","22/01/2023"
"4","3","06/10/2022","Aracitaba","24","05/10/2022","60","04/12/2022","TEMPESTADE LOCAL/ CONVECTIVA - GRANIZO",-21.3503325631175,-43.40374181251,"Tempestade","images/temp.png","22/01/2023"
"5","4","07/10/2022","Alto Rio Doce","2.833","04/10/2022","180","02/04/2023","TEMPESTADE LOCAL/ CONVECTIVA - GRANIZO",-21.0357604334231,-43.4034019225384,"Tempestade","images/temp.png","22/01/2023"
"6","4","11/01/2023","Alto Rio Doce","11","10/01/2023","180","09/07/2023","TEMPESTADE LOCAL CONVECTIVA - CHUVAS INTENSAS",-21.0357604334231,-43.4034019225384,"Tempestade","images/temp.png","22/01/2023"
"7","5","07/10/2022","Lassance","67","03/10/2022","180","01/04/2023","TEMPESTADE LOCAL/ CONVECTIVA - CHUVAS INTENSAS",-17.8808603092224,-44.6954719690863,"Tempestade","images/temp.png","22/01/2023"
"8","6","07/10/2022","São João Del Rei","10.118","06/10/2022","180","04/04/2023","TEMPESTADE LOCAL/ CONVECTIVA - GRANIZO",-21.2631482868919,-44.2744352578368,"Tempestade","images/temp.png","22/01/2023"
"9","7","04/10/2022","São Gonçalo do Sapucaí","262","04/10/2022","180","02/04/2023","TEMPESTADE LOCAL/ CONVECTIVA - GRANIZO",-21.9110059437507,-45.5943504968329,"Tempestade","images/temp.png","22/01/2023"
"10","7","04/10/2023","São Gonçalo do Sapucaí","304","15/12/2022","180","16/06/2023","TEMPESTADE LOCAL/ CONVECTIVA - GRANIZO",-21.9110059437507,-45.5943504968329,"Tempestade","images/temp.png","22/01/2023"
"11","7","11/01/2023","São Gonçalo do Sapucaí","11","10/01/2023","180","09/07/2023","TEMPESTADE LOCAL CONVECTIVA - CHUVAS INTENSAS",-21.9110059437507,-45.5943504968329,"Tempestade","images/temp.png","22/01/2023"
"12","8","13/10/2022","Senador Firmino","379","04/10/2022","180","02/04/2023","TEMPESTADE LOCAL/ CONVECTIVA - GRANIZO",-20.9042657309784,-43.104487707087,"Tempestade","images/temp.png","22/01/2023"
"13","9","13/10/2022","Barbacena","9.227","04/10/2022","180","02/04/2023","TEMPESTADE LOCAL/ CONVECTIVA - GRANIZO",-21.2515380460276,-43.8006102067044,"Tempestade","images/temp.png","22/01/2023"
"14","9","25/10/2022","Barbacena","9.248","16/11/2022","180","15/05/2023","TEMPESTADE LOCAL/ CONVECTIVA - GRANIZO",-21.2515380460276,-43.8006102067044,"Tempestade","images/temp.png","22/01/2023"
"15","9","07/12/2022","Barbacena","767","06/12/2022","180","04/06/2023","TEMPESTADE LOCAL/ CONVECTIVA - GRANIZO",-21.2515380460276,-43.8006102067044,"Tempestade","images/temp.png","22/01/2023"
"16","9","11/01/2023","Barbacena","11","10/01/2023","180","09/07/2023","TEMPESTADE LOCAL CONVECTIVA - CHUVAS INTENSAS",-21.2515380460276,-43.8006102067044,"Tempestade","images/temp.png","22/01/2023"
"17","10","14/10/2022","Visconde do Rio Branco","257","11/10/2022","180","09/04/2023","TEMPESTADE LOCAL/ CONVECTIVA - GRANIZO",-21.0115721480995,-42.83997269215,"Tempestade","images/temp.png","22/01/2023"
"18","11","14/10/2022","Antônio Carlos","602","03/10/2022","180","01/04/2023","TEMPESTADE LOCAL/ CONVECTIVA - GRANIZO",-21.410560575545,-43.7663531936085,"Tempestade","images/temp.png","22/01/2023"
"19","11","11/01/2023","Antônio Carlos","11","10/01/2023","180","09/07/2023","TEMPESTADE LOCAL CONVECTIVA - CHUVAS INTENSAS",-21.410560575545,-43.7663531936085,"Tempestade","images/temp.png","22/01/2023"
"20","12","14/10/2022","Muriaé","11.392","04/10/2022","180","02/04/2023","TEMPESTADE LOCAL/ CONVECTIVA - VENDAVAL",-21.091311085046,-42.4214720151823,"Tempestade","images/temp.png","22/01/2023"
"21","12","11/01/2023","Muriaé","11","10/01/2023","180","09/07/2023","TEMPESTADE LOCAL CONVECTIVA - CHUVAS INTENSAS",-21.091311085046,-42.4214720151823,"Tempestade","images/temp.png","22/01/2023"
"22","13","14/10/2022","Urucânia","862","04/10/2022","180","02/04/2023","TEMPESTADE LOCAL/ CONVECTIVA - GRANIZO",-20.3253114603068,-42.7297884889969,"Tempestade","images/temp.png","22/01/2023"
"23","14","14/10/2022","São Sebastião da Vargem Alegre","135","05/10/2022","180","03/04/2023","TEMPESTADE LOCAL/ CONVECTIVA - GRANIZO",-21.0242517908254,-42.5992300977282,"Tempestade","images/temp.png","22/01/2023"
"24","14","11/01/2023","São Sebastião da Vargem Alegre","11","10/01/2023","180","09/07/2023","TEMPESTADE LOCAL CONVECTIVA - CHUVAS INTENSAS",-21.0242517908254,-42.5992300977282,"Tempestade","images/temp.png","22/01/2023"
"25","15","14/10/2022","Paula Cândido","1.907","06/10/2022","180","04/04/2023","TEMPESTADE LOCAL/ CONVECTIVA - GRANIZO",-20.8558699504992,-42.9849808863749,"Tempestade","images/temp.png","22/01/2023"
"26","16","14/10/2022","Presidente Bernardes","118","04/10/2022","180","02/04/2023","TEMPESTADE LOCAL/ CONVECTIVA - GRANIZO",-20.7704448140602,-43.1547775426592,"Tempestade","images/temp.png","22/01/2023"
"27","17","14/10/2022","Guiricema","4.410","11/10/2022","180","09/04/2023","TEMPESTADE LOCAL/ CONVECTIVA - GRANIZO",-21.0148829721482,-42.6996715714823,"Tempestade","images/temp.png","22/01/2023"
"28","17","11/01/2023","Guiricema","11","10/01/2023","180","09/07/2023","TEMPESTADE LOCAL CONVECTIVA - CHUVAS INTENSAS",-21.0148829721482,-42.6996715714823,"Tempestade","images/temp.png","22/01/2023"
"29","18","14/10/2022","Cana Verde","1.379","05/10/2022","180","03/04/2023","TEMPESTADE LOCAL/ CONVECTIVA - GRANIZO",-21.0331012744457,-45.1856812791926,"Tempestade","images/temp.png","22/01/2023"
"30","18","11/01/2023","Cana Verde","11","10/01/2023","180","09/07/2023","TEMPESTADE LOCAL CONVECTIVA - CHUVAS INTENSAS",-21.0331012744457,-45.1856812791926,"Tempestade","images/temp.png","22/01/2023"
"31","19","14/10/2022","Poço Fundo","90","11/10/2022","180","09/04/2023","TEMPESTADE LOCAL/ CONVECTIVA - GRANIZO",-21.8062641361388,-45.9933455688663,"Tempestade","images/temp.png","22/01/2023"
"32","19","17/11/2022","Poço Fundo","107","16/11/2022","180","15/05/2023","TEMPESTADE LOCAL/ CONVECTIVA - GRANIZO",-21.8062641361388,-45.9933455688663,"Tempestade","images/temp.png","22/01/2023"
"33","20","17/10/2022","Santa Rita de Caldas","718","07/10/2022","180","05/04/2023","TEMPESTADE LOCAL/CONVECTIVA - VENDAVAL",-22.0237006504534,-46.2713419399337,"Tempestade","images/temp.png","22/01/2023"
"34","20","11/01/2023","Santa Rita de Caldas","11","10/01/2023","180","09/07/2023","TEMPESTADE LOCAL CONVECTIVA - CHUVAS INTENSAS",-22.0237006504534,-46.2713419399337,"Tempestade","images/temp.png","22/01/2023"
"35","21","19/10/2022","Alpercata","216","09/10/2022","180","07/04/2023","TEMPESTADE LOCAL/CONVECTIVA - VENDAVAL",-18.9837436902171,-42.0191910494861,"Tempestade","images/temp.png","22/01/2023"
"36","22","19/10/2022","Três Corações","4.636","04/10/2022","180","02/04/2023","TEMPESTADE LOCAL/CONVECTIVA - GRANIZO",-21.6863911794745,-45.2048967275671,"Tempestade","images/temp.png","22/01/2023"
"37","23","27/10/2022","Nova União","1.404","26/10/2022","180","24/04/2023","TEMPESTADE LOCAL/CONVECTIVA - GRANIZO",-19.635310558288,-43.5720360342169,"Tempestade","images/temp.png","22/01/2023"
"38","23","13/12/2022","Nova União","1.410","17/11/2022","180","16/05/2023","TEMPESTADE LOCAL/CONVECTIVA - GRANIZO",-19.635310558288,-43.5720360342169,"Tempestade","images/temp.png","22/01/2023"
"39","23","11/01/2023","Nova União","11","10/01/2023","180","10/01/2023","TEMPESTADE LOCAL CONVECTIVA - CHUVAS INTENSAS",-19.635310558288,-43.5720360342169,"Tempestade","images/temp.png","22/01/2023"
"40","24","03/11/2022","Carandaí","6.161","26/10/2022","180","24/04/2023","TEMPESTADE LOCAL/CONVECTIVA - GRANIZO",-20.9966781830621,-43.8443308400924,"Tempestade","images/temp.png","22/01/2023"
"41","24","11/01/2023","Carandaí","11","10/01/2023","180","09/07/2023","TEMPESTADE LOCAL CONVECTIVA - CHUVAS INTENSAS",-20.9966781830621,-43.8443308400924,"Tempestade","images/temp.png","22/01/2023"
"42","25","03/11/2022","Monte Santo de Minas","2.386","20/10/2022","180","18/04/2023","TEMPESTADE LOCAL/ CONVECTIVA - CHUVAS INTENSAS",-21.188385686165,-46.9466578898054,"Tempestade","images/temp.png","22/01/2023"
"43","25","11/01/2023","Monte Santo de Minas","11","10/01/2023","180","09/07/2023","TEMPESTADE LOCAL CONVECTIVA - CHUVAS INTENSAS",-21.188385686165,-46.9466578898054,"Tempestade","images/temp.png","22/01/2023"
"44","26","03/11/2022","Piedade do Rio Grande","2.957","28/10/2022","180","26/04/2023","TEMPESTADE LOCAL/CONVECTIVA - GRANIZO",-21.4840291502325,-44.1554781081984,"Tempestade","images/temp.png","22/01/2023"
"45","27","08/11/2022","Capitão Enéas","98","04/11/2022","180","03/05/2023","TEMPESTADE LOCAL/CONVECTIVA - CHUVAS INTENSAS",-16.1361568497292,-43.6646044586672,"Tempestade","images/temp.png","22/01/2023"
"46","28","16/11/2022","Campos Gerais","3.691","10/11/2022","180","09/05/2023","TEMPESTADE LOCAL/ CONVECTIVA - GRANIZO",-21.258833386734,-45.7535881516535,"Tempestade","images/temp.png","22/01/2023"
"47","29","16/11/2022","Sacramento","412","09/11/2022","90","07/02/2023","TEMPESTADE LOCAL/ CONVECTIVA - GRANIZO",-19.904365311655,-47.2666646534546,"Tempestade","images/temp.png","22/01/2023"
"48","30","17/11/2022","Juruaia","1.549","09/11/2022","180","08/05/2023","TEMPESTADE LOCAL/ CONVECTIVA - VENDAVAL",-21.2208452020416,-46.5265093232152,"Tempestade","images/temp.png","22/01/2023"
"49","31","17/11/2022","Paiva","1.716","09/11/2022","180","08/05/2023","TEMPESTADE LOCAL/ CONVECTIVA - GRANIZO",-21.2867541617664,-43.4238719636226,"Tempestade","images/temp.png","22/01/2023"
"50","32","18/11/2022","Açucena","57","13/11/2022","180","15/05/2023","TEMPESTADE LOCAL/CONVECTIVA - CHUVAS INTENSAS",-19.0526381783848,-42.4507288746789,"Tempestade","images/temp.png","22/01/2023"
"51","32","07/12/2022","Açucena","767","06/12/2022","180","04/06/2023","TEMPESTADE LOCAL/CONVECTIVA - CHUVAS INTENSAS",-19.0526381783848,-42.4507288746789,"Tempestade","images/temp.png","22/01/2023"
"52","32","11/01/2023","Açucena","11","10/01/2023","180","09/07/2023","TEMPESTADE LOCAL CONVECTIVA - CHUVAS INTENSAS",-19.0526381783848,-42.4507288746789,"Tempestade","images/temp.png","22/01/2023"
"53","33","18/11/2022","Piraúba","157","10/11/2022","180","09/05/2023","TEMPESTADE LOCAL/ CONVECTIVA - GRANIZO",-21.2637791065926,-43.0297034906851,"Tempestade","images/temp.png","22/01/2023"
"54","34","18/11/2022","Barão de Monte Alto","113","09/11/2022","180","08/05/2023","TEMPESTADE LOCAL/CONVECTIVA - CHUVAS INTENSAS",-21.2647813034913,-42.2784331313925,"Tempestade","images/temp.png","22/01/2023"
"55","34","11/01/2023","Barão de Monte Alto","11","10/01/2023","180","09/07/2023","TEMPESTADE LOCAL CONVECTIVA - CHUVAS INTENSAS",-21.2647813034913,-42.2784331313925,"Tempestade","images/temp.png","22/01/2023"
"56","35","18/11/2022","Cabo Verde","122","09/11/2022","90","09/02/2023","TEMPESTADE LOCAL/ CONVECTIVA - GRANIZO",-21.4815611930501,-46.3914736112393,"Tempestade","images/temp.png","22/01/2023"
"57","36","21/11/2022","Silveirânia","1.842","11/11/2022","180","10/05/2023","TEMPESTADE LOCAL/CONVECTIVA - GRANIZO",-21.1433612929101,-43.2030382061806,"Tempestade","images/temp.png","22/01/2023"
"58","37","21/11/2022","Muzambinho","2.545","09/11/2022","180","08/05/2023","TEMPESTADE LOCAL/CONVECTIVA - GRANIZO",-21.3556318543774,-46.5164997911358,"Tempestade","images/temp.png","22/01/2023"
"59","37","07/12/2022","Muzambinho","767","06/12/2022","180","04/06/2023","TEMPESTADE LOCAL/CONVECTIVA - CHUVAS INTENSAS",-21.3556318543774,-46.5164997911358,"Tempestade","images/temp.png","22/01/2023"
"60","38","22/11/2022","Rio Piracicaba","112","17/11/2022","180","16/05/2023","TEMPESTADE LOCAL/CONVECTIVA - CHUVAS INTENSAS",-19.9708080250862,-43.1491927755965,"Tempestade","images/temp.png","22/01/2023"
"61","38","07/12/2022","Rio Piracicaba","767","06/12/2022","180","04/06/2023","TEMPESTADE LOCAL/CONVECTIVA - CHUVAS INTENSAS",-19.9708080250862,-43.1491927755965,"Tempestade","images/temp.png","22/01/2023"
"62","39","25/112022","Luisburgo","27","16/11/2022","180","15/05/2023","TEMPESTADE LOCAL/CONVECTIVA - CHUVAS INTENSAS",-20.4362842783245,-42.0744580796664,"Tempestade","images/temp.png","22/01/2023"
"63","39","07/12/2022","Luisburgo","767","06/12/2022","180","04/06/2023","TEMPESTADE LOCAL/CONVECTIVA - CHUVAS INTENSAS",-20.4362842783245,-42.0744580796664,"Tempestade","images/temp.png","22/01/2023"
"64","40","30/11/2022","Uberaba","3.129","09/11/2022","180","08/05/2023","TEMPESTADE LOCAL/CONVECTIVA - CHUVAS INTENSAS",-19.5806963482481,-47.9772797276001,"Tempestade","images/temp.png","22/01/2023"
"65","41","30/11/2022","Cajuri","2.223","15/11/2022","180","14/05/2023","TEMPESTADE LOCAL CONVECTIVA - CHUVAS INTENSAS",-20.7853093429358,-42.7641533193009,"Tempestade","images/temp.png","22/01/2023"
"66","42","01/12/2022","Almenara","505","29/11/2022","180","28/05/2023","TEMPESTADE LOCAL/CONVECTIVA - CHUVAS INTENSAS",-16.0910436877635,-40.7238344687858,"Tempestade","images/temp.png","22/01/2023"
"67","42","07/12/2022","Almenara","767","06/12/2022","180","04/06/2023","TEMPESTADE LOCAL/CONVECTIVA - CHUVAS INTENSAS",-16.0910436877635,-40.7238344687858,"Tempestade","images/temp.png","22/01/2023"
"68","43","01/12/2022","São Domingos do Prata","161","29/11/2022","180","27/05/2023","TEMPESTADE LOCAL/CONVECTIVA - CHUVAS INTENSAS",-19.9030242283921,-42.9032252048024,"Tempestade","images/temp.png","22/01/2023"
"69","43","07/12/2022","São Domingos do Prata","167","06/12/2022","180","04/06/2023","TEMPESTADE LOCAL/CONVECTIVA - CHUVAS INTENSAS",-19.9030242283921,-42.9032252048024,"Tempestade","images/temp.png","22/01/2023"
"70","43","13/12/2022","São Domingos do Prata","166","08/12/2022","180","06/06/2023","TEMPESTADE LOCAL/CONVECTIVA - CHUVAS INTENSAS",-19.9030242283921,-42.9032252048024,"Tempestade","images/temp.png","22/01/2023"
"71","44","02/12/2022","Ouro Verde de Minas","57","24/11/2022","180","23/05/2023","TEMPESTADE LOCAL/CONVECTIVA - CHUVAS INTENSAS",-18.0485184646423,-41.2963177179533,"Tempestade","images/temp.png","22/01/2023"
"72","44","07/12/2022","Ouro Verde de Minas","767","06/12/2022","180","04/06/2023","TEMPESTADE LOCAL/CONVECTIVA - CHUVAS INTENSAS",-18.0485184646423,-41.2963177179533,"Tempestade","images/temp.png","22/01/2023"
"73","45","07/12/2022","Arapuá","767","06/12/2022","180","04/06/2023","TEMPESTADE LOCAL/CONVECTIVA - CHUVAS INTENSAS",-19.0414483953386,-46.1152867136103,"Tempestade","images/temp.png","22/01/2023"
"74","46","07/12/2022","Bandeira","767","06/12/2022","180","04/06/2023","TEMPESTADE LOCAL/CONVECTIVA - CHUVAS INTENSAS",-15.8776760732068,-40.580972810709,"Tempestade","images/temp.png","22/01/2023"
"75","47","07/12/2022","Bom Jesus do Galho","767","06/12/2022","180","04/06/2023","TEMPESTADE LOCAL/CONVECTIVA - CHUVAS INTENSAS",-19.7422636182272,-42.3511087689515,"Tempestade","images/temp.png","22/01/2023"
"76","47","11/01/2023","Bom Jesus do Galho","11","10/01/2023","180","09/07/2023","TEMPESTADE LOCAL CONVECTIVA - CHUVAS INTENSAS",-19.7422636182272,-42.3511087689515,"Tempestade","images/temp.png","22/01/2023"
"77","48","07/12/2022","Campestre","767","06/12/2022","180","04/06/2023","TEMPESTADE LOCAL/CONVECTIVA - CHUVAS INTENSAS",-21.7103850682962,-46.2214954627608,"Tempestade","images/temp.png","22/01/2023"
"78","49","07/12/2022","Capelinha","767","06/12/2022","180","04/06/2023","TEMPESTADE LOCAL/CONVECTIVA - CHUVAS INTENSAS",-17.6928414853266,-42.4919686616897,"Tempestade","images/temp.png","22/01/2023"
"79","50","07/12/2022","Carlos Chagas","767","06/12/2022","180","04/06/2023","TEMPESTADE LOCAL/CONVECTIVA - CHUVAS INTENSAS",-17.6740848141508,-40.8419109931526,"Tempestade","images/temp.png","22/01/2023"
"80","51","07/12/2022","Cataguases","767","06/12/2022","180","04/06/2023","TEMPESTADE LOCAL/CONVECTIVA - CHUVAS INTENSAS",-21.3424017439859,-42.6740670985864,"Tempestade","images/temp.png","22/01/2023"
"81","51","11/01/2023","Cataguases","11","10/01/2023","180","09/07/2023","TEMPESTADE LOCAL CONVECTIVA - CHUVAS INTENSAS",-21.3424017439859,-42.6740670985864,"Tempestade","images/temp.png","22/01/2023"
"82","52","07/12/2022","Coimbra","767","06/12/2022","180","04/06/2023","TEMPESTADE LOCAL/CONVECTIVA - CHUVAS INTENSAS",-20.8438346914034,-42.7914911848648,"Tempestade","images/temp.png","22/01/2023"
"83","53","07/12/2022","Córrego Novo","767","06/12/2022","180","04/06/2023","TEMPESTADE LOCAL/CONVECTIVA - CHUVAS INTENSAS",-19.8304979704361,-42.445708001152,"Tempestade","images/temp.png","22/01/2023"
"84","54","07/12/2022","Divisópolis","767","06/12/2022","180","04/06/2023","TEMPESTADE LOCAL/CONVECTIVA - CHUVAS INTENSAS",-15.7628970744443,-40.9123229834827,"Tempestade","images/temp.png","22/01/2023"
"85","55","07/12/2022","Dom Joaquim","767","06/12/2022","180","04/06/2023","TEMPESTADE LOCAL/CONVECTIVA - CHUVAS INTENSAS",-18.928250748368,-43.259243812447,"Tempestade","images/temp.png","22/01/2023"
"86","56","07/12/2022","Felisburgo","767","06/12/2022","180","04/06/2023","TEMPESTADE LOCAL/CONVECTIVA - CHUVAS INTENSAS",-16.636034683388,-40.7331588243818,"Tempestade","images/temp.png","22/01/2023"
"87","57","07/12/2022","Ferros","767","06/12/2022","180","04/06/2023","TEMPESTADE LOCAL/CONVECTIVA - CHUVAS INTENSAS",-19.2455191308992,-42.9401992963081,"Tempestade","images/temp.png","22/01/2023"
"88","57","11/01/2023","Ferros","11","10/01/2023","180","09/07/2023","TEMPESTADE LOCAL CONVECTIVA - CHUVAS INTENSAS",-19.2455191308992,-42.9401992963081,"Tempestade","images/temp.png","22/01/2023"
"89","58","07/12/2022","Frei Gaspar","767","06/12/2022","180","04/06/2023","TEMPESTADE LOCAL/CONVECTIVA - CHUVAS INTENSAS",-18.1396751054066,-41.5106716860883,"Tempestade","images/temp.png","22/01/2023"
"90","59","07/12/2022","Galiléia","767","06/12/2022","180","04/06/2023","TEMPESTADE LOCAL/CONVECTIVA - CHUVAS INTENSAS",-18.8802241615729,-41.5451412126677,"Tempestade","images/temp.png","22/01/2023"
"91","60","07/12/2022","Jacinto","767","06/12/2022","180","04/06/2023","TEMPESTADE LOCAL/CONVECTIVA - CHUVAS INTENSAS",-16.1823864218294,-40.3137549058384,"Tempestade","images/temp.png","22/01/2023"
"92","61","07/12/2022","João Monlevade","767","06/12/2022","180","04/06/2023","TEMPESTADE LOCAL/CONVECTIVA - CHUVAS INTENSAS",-19.8379400142643,-43.1614892874294,"Tempestade","images/temp.png","22/01/2023"
"93","61","11/01/2023","João Monlevade","11","10/01/2023","180","09/07/2023","TEMPESTADE LOCAL CONVECTIVA - CHUVAS INTENSAS",-19.8379400142643,-43.1614892874294,"Tempestade","images/temp.png","22/01/2023"
"94","62","07/12/2022","Jordânia","767","06/12/2022","180","04/06/2023","TEMPESTADE LOCAL/CONVECTIVA - CHUVAS INTENSAS",-15.8833102631334,-40.3139189506871,"Tempestade","images/temp.png","22/01/2023"
"95","63","07/12/2022","Juramento","767","06/12/2022","180","04/06/2023","TEMPESTADE LOCAL/CONVECTIVA - CHUVAS INTENSAS",-16.8401018832535,-43.5645142888674,"Tempestade","images/temp.png","22/01/2023"
"96","64","07/12/2022","Ladainha","767","06/12/2022","180","04/06/2023","TEMPESTADE LOCAL/CONVECTIVA - CHUVAS INTENSAS",-17.6263988051631,-41.8225231503105,"Tempestade","images/temp.png","22/01/2023"
"97","65","07/12/2022","Munhoz","767","06/12/2022","180","04/06/2023","TEMPESTADE LOCAL/CONVECTIVA - CHUVAS INTENSAS",-22.631961982404,-46.304301249421,"Tempestade","images/temp.png","22/01/2023"
"98","66","07/12/2022","Naque","767","06/12/2022","180","04/06/2023","TEMPESTADE LOCAL/CONVECTIVA - CHUVAS INTENSAS",-19.1810971254373,-42.3244489003226,"Tempestade","images/temp.png","22/01/2023"
"99","66","11/01/2023","Naque","11","10/01/2023","180","09/07/2023","TEMPESTADE LOCAL CONVECTIVA - CHUVAS INTENSAS",-19.1810971254373,-42.3244489003226,"Tempestade","images/temp.png","22/01/2023"
"100","67","07/12/2022","Paraopeba","767","06/12/2022","180","04/06/2023","TEMPESTADE LOCAL/CONVECTIVA - CHUVAS INTENSAS",-19.2721937154344,-44.4526672783847,"Tempestade","images/temp.png","22/01/2023"
"101","68","07/12/2022","Pavão","767","06/12/2022","180","04/06/2023","TEMPESTADE LOCAL/CONVECTIVA - CHUVAS INTENSAS",-17.4715126997536,-41.0616234006254,"Tempestade","images/temp.png","22/01/2023"
"102","69","07/12/2022","Peçanha","767","06/12/2022","180","04/06/2023","TEMPESTADE LOCAL/CONVECTIVA - CHUVAS INTENSAS",-18.5570058379497,-42.5103559554299,"Tempestade","images/temp.png","22/01/2023"
"103","69","11/01/2023","Peçanha","11","10/01/2023","180","09/07/2023","TEMPESTADE LOCAL CONVECTIVA - CHUVAS INTENSAS",-18.5570058379497,-42.5103559554299,"Tempestade","images/temp.png","22/01/2023"
"104","70","07/12/2022","Pescador","767","06/12/2022","180","04/06/2023","TEMPESTADE LOCAL/CONVECTIVA - CHUVAS INTENSAS",-18.3311331097946,-41.5600478407727,"Tempestade","images/temp.png","22/01/2023"
"105","71","07/12/2022","Piranguinho","767","06/12/2022","180","04/06/2023","TEMPESTADE LOCAL/CONVECTIVA - CHUVAS INTENSAS",-22.3629662142766,-45.5865762600436,"Tempestade","images/temp.png","22/01/2023"
"106","72","07/12/2022","Rio do Prado","767","06/12/2022","180","04/06/2023","TEMPESTADE LOCAL/CONVECTIVA - CHUVAS INTENSAS",-16.6765473834456,-40.555813060063,"Tempestade","images/temp.png","22/01/2023"
"107","73","07/12/2022","Salinas","767","06/12/2022","180","04/06/2023","TEMPESTADE LOCAL/CONVECTIVA - CHUVAS INTENSAS",-16.1111258472584,-42.1520989686278,"Tempestade","images/temp.png","22/01/2023"
"108","73","11/01/2023","Salinas","11","10/01/2023","180","09/07/2023","TEMPESTADE LOCAL CONVECTIVA - CHUVAS INTENSAS",-16.1111258472584,-42.1520989686278,"Tempestade","images/temp.png","22/01/2023"
"109","74","07/12/2022","Santo Antônio do Jacinto","767","06/12/2022","180","04/06/2023","TEMPESTADE LOCAL/CONVECTIVA - CHUVAS INTENSAS",-16.5036398118759,-40.2774752794629,"Tempestade","images/temp.png","22/01/2023"
"110","75","07/12/2022","São Francisco","767","06/12/2022","180","04/06/2023","TEMPESTADE LOCAL/CONVECTIVA - CHUVAS INTENSAS",-15.8964726835566,-44.8613940497424,"Tempestade","images/temp.png","22/01/2023"
"111","76","07/12/2022","Teófilo Otoni","767","06/12/2022","180","04/06/2023","TEMPESTADE LOCAL/CONVECTIVA - CHUVAS INTENSAS",-17.7145025934244,-41.3836203984,"Tempestade","images/temp.png","22/01/2023"
"112","77","07/12/2022","Timóteo","767","06/12/2022","180","04/06/2023","TEMPESTADE LOCAL/CONVECTIVA - CHUVAS INTENSAS",-19.5580106655839,-42.6026228112074,"Tempestade","images/temp.png","22/01/2023"
"113","77","11/01/2023","Timóteo","11","10/01/2023","180","09/07/2023","TEMPESTADE LOCAL CONVECTIVA - CHUVAS INTENSAS",-19.5580106655839,-42.6026228112074,"Tempestade","images/temp.png","22/01/2023"
"114","78","07/12/2022","Ubaporanga","767","06/12/2022","180","04/06/2023","TEMPESTADE LOCAL/CONVECTIVA - CHUVAS INTENSAS",-19.660523230794,-42.0699431480645,"Tempestade","images/temp.png","22/01/2023"
"115","79","07/12/2022","Urucuia","767","06/12/2022","180","04/06/2023","TEMPESTADE LOCAL/CONVECTIVA - CHUVAS INTENSAS",-16.0285817946961,-45.5729048626918,"Tempestade","images/temp.png","22/01/2023"
"116","80","13/12/2022","Engenheiro Navarro","1.492","29/11/2022","180","28/05/2023","TEMPESTADE LOCAL/CONVECTIVA - CHUVAS INTENSAS",-17.296484572148,-44.0140379939444,"Tempestade","images/temp.png","22/01/2023"
"117","81","13/12/2022","Coluna","107","08/12/2022","180","06/06/2023","INUNDAÇÃO",-18.2479851862005,-42.8394085777464,"Alagamento","images/alag.png","22/01/2023"
"118","82","13/12/2022","Rio Vermelho","74","02/12/2022","180","31/05/2023","TEMPESTADE LOCAL/CONVECTIVA - CHUVAS INTENSAS",-18.2546504578603,-43.0550590194215,"Tempestade","images/temp.png","22/01/2023"
"119","83","14/12/2022","São Gonçalo do Abaeté","68","13/12/2022","180","11/06/2023","INUNDAÇÃO",-18.1766592383172,-45.5457468921609,"Alagamento","images/alag.png","22/01/2023"
"120","84","14/12/2022","Gonzaga","26","08/12/2022","180","06/06/2023","TEMPESTADE LOCAL/CONVECTIVA - CHUVAS INTENSAS",-18.8738602642942,-42.5051028566336,"Tempestade","images/temp.png","22/01/2023"
"121","85","15/12/2022","Santa Efigênia de Minas","53","08/12/2022","180","06/06/2023","TEMPESTADE LOCAL/CONVECTIVA - CHUVAS INTENSAS",-18.8628316197724,-42.404340720664,"Tempestade","images/temp.png","22/01/2023"
"122","85","11/01/2023","Santa Efigênia de Minas","11","10/01/2023","180","09/07/2023","TEMPESTADE LOCAL CONVECTIVA - CHUVAS INTENSAS",-18.8628316197724,-42.404340720664,"Tempestade","images/temp.png","22/01/2023"
"123","86","15/12/2022","São José do Goiabal","345","29/11/2022","180","28/08/2023","TEMPESTADE LOCAL/CONVECTIVA - CHUVAS INTENSAS",-19.9312205430828,-42.6933090901633,"Tempestade","images/temp.png","22/01/2023"
"124","86","11/01/2023","São José do Goiabal","11","10/01/2023","180","09/07/2023","TEMPESTADE LOCAL CONVECTIVA - CHUVAS INTENSAS",-19.9312205430828,-42.6933090901633,"Tempestade","images/temp.png","22/01/2023"
"125","87","15/12/2022","Novo Oriente de Minas","134","08/12/2022","180","06/06/2023","TEMPESTADE LOCAL/CONVECTIVA - CHUVAS INTENSAS",-17.2291809162302,-41.2276320564007,"Tempestade","images/temp.png","22/01/2023"
"126","88","16/12/2022","Santa Helena de Minas","71","15/12/2022","180","13/06/2023","TEMPESTADE LOCAL/CONVECTIVA - CHUVAS INTENSAS",-16.9019656358507,-40.6588291855088,"Tempestade","images/temp.png","22/01/2023"
"127","89","16/12/2022","Bertópolis","78","10/12/2022","180","08/06/2023","TEMPESTADE LOCAL/CONVECTIVA - CHUVAS INTENSAS",-16.9744781719103,-40.5742098482698,"Tempestade","images/temp.png","22/01/2023"
"128","89","11/01/2023","Bertópolis","11","10/01/2023","180","09/07/2023","TEMPESTADE LOCAL CONVECTIVA - CHUVAS INTENSAS",-16.9744781719103,-40.5742098482698,"Tempestade","images/temp.png","22/01/2023"
"129","90","16/12/2022","Salto da Divisa","72","13/12/2022","180","13/06/2023","TEMPESTADE LOCAL/CONVECTIVA - CHUVAS INTENSAS",-16.1104415683407,-40.0292641870699,"Tempestade","images/temp.png","22/01/2023"
"130","91","20/12/2022","Vespasiano","9.674","08/12/2022","180","06/06/2023","TEMPESTADE LOCAL CONVECTIVA - CHUVAS INTENSAS",-19.7309384738387,-43.9448410333055,"Tempestade","images/temp.png","22/01/2023"
"131","91","11/01/2023","Vespasiano","11","10/01/2023","180","09/07/2023","TEMPESTADE LOCAL CONVECTIVA - CHUVAS INTENSAS",-19.7309384738387,-43.9448410333055,"Tempestade","images/temp.png","22/01/2023"
"132","92","20/12/2022","Bela Vista de Minas","681","27/11/2022","180","25/05/2023","TEMPESTADE LOCAL CONVECTIVA - CHUVAS INTENSAS",-19.7980305994707,-43.1055985679865,"Tempestade","images/temp.png","22/01/2023"
"133","93","20/12/2022","Dom Silvério","306","08/12/2022","180","06/06/2023","TEMPESTADE LOCAL CONVECTIVA - CHUVAS INTENSAS",-20.1346342472647,-42.9462194933789,"Tempestade","images/temp.png","22/01/2023"
"134","94","20/12/2022","Carmo da Mata","2.761","15/12/2022","180","13/06/2023","TEMPESTADE LOCAL CONVECTIVA - CHUVAS INTENSAS",-20.5596729153487,-44.8918304740549,"Tempestade","images/temp.png","22/01/2023"
"135","94","11/01/2023","Carmo da Mata","11","10/01/2023","180","09/07/2023","TEMPESTADE LOCAL CONVECTIVA - CHUVAS INTENSAS",-20.5596729153487,-44.8918304740549,"Tempestade","images/temp.png","22/01/2023"
"136","95","20/12/2022","São Geraldo da Piedade","183","19/12/2022","180","17/06/2023","DESLIZAMENTO DE SOLO E / OU ROCHA",-18.8963193174853,-42.3103609224451,"Deslizamento","images/desl.png","22/01/2023"
"137","96","21/12/2022","Januária","4.920","16/12/2022","180","14/06/2023","TEMPESTADE LOCAL CONVECTIVA - CHUVAS INTENSAS",-15.3200659136307,-44.8497237921103,"Tempestade","images/temp.png","22/01/2023"
"138","97","21/12/2022","Franciscópolis","54","15/12/2022","180","13/06/2023","TEMPESTADE LOCAL CONVECTIVA - CHUVAS INTENSAS",-17.9933235543119,-41.9679201662665,"Tempestade","images/temp.png","22/01/2023"
"139","98","21/12/2022","Catuji","518","09/12/2022","180","07/06/2023","TEMPESTADE LOCAL CONVECTIVA - CHUVAS INTENSAS",-17.3717437448963,-41.4984757568832,"Tempestade","images/temp.png","22/01/2023"
"140","99","21/12/2022","Santa Maria do Suaçuí","31","20/12/2022","180","18/06/2023","ENXURRADA",-18.2584591906805,-42.3244048133516,"Alagamento","images/alag.png","22/01/2023"
"141","100","21/12/2022","Imbé de Minas","50","12/12/2022","180","10/06/2023","TEMPESTADE LOCAL CONVECTIVA - VENDAVAL",-19.6186345127203,-41.9677031625575,"Tempestade","images/temp.png","22/01/2023"
"142","101","22/12/2022","Sardoá","75","12/12/2022","180","17/06/2023","TEMPESTADE LOCAL CONVECTIVA - CHUVAS INTENSAS",-18.7754838871528,-42.407048443909,"Tempestade","images/temp.png","22/01/2023"
"143","101","11/01/2023","Sardoá","11","10/01/2023","180","09/07/2023","TEMPESTADE LOCAL CONVECTIVA - CHUVAS INTENSAS",-18.7754838871528,-42.407048443909,"Tempestade","images/temp.png","22/01/2023"
"144","102","22/12/2022","Dionísio","167","20/12/2022","180","10/06/2023","TEMPESTADE LOCAL CONVECTIVA - CHUVAS INTENSAS",-19.8368337555873,-42.6790810190611,"Tempestade","images/temp.png","22/01/2023"
"145","102","11/01/2023","Dionísio","11","10/01/2023","180","09/07/2023","TEMPESTADE LOCAL CONVECTIVA - CHUVAS INTENSAS",-19.8368337555873,-42.6790810190611,"Tempestade","images/temp.png","22/01/2023"
"146","103","23/12/2022","Arinos","2.421","21/12/2022","180","19/06/2023","TEMPESTADE LOCAL CONVECTIVA - CHUVAS INTENSAS",-15.7505588438045,-45.9884569083532,"Tempestade","images/temp.png","22/01/2023"
"147","104","23/12/2022","Marliéria","107","16/12/2022","180","14/06/2023","TEMPESTADE LOCAL CONVECTIVA - CHUVAS INTENSAS",-19.7057858246457,-42.6147824116687,"Tempestade","images/temp.png","22/01/2023"
"148","104","11/01/2023","Marliéria","11","10/01/2023","180","09/07/2023","TEMPESTADE LOCAL CONVECTIVA - CHUVAS INTENSAS",-19.7057858246457,-42.6147824116687,"Tempestade","images/temp.png","22/01/2023"
"149","105","26/12/2022","Comercinho","85","16/12/2022","180","14/06/2023","TEMPESTADE LOCAL CONVECTIVA - CHUVAS INTENSAS",-16.285002436252,-41.7675044583727,"Tempestade","images/temp.png","22/01/2023"
"150","105","11/01/2023","Comercinho","11","10/01/2023","180","09/07/2023","TEMPESTADE LOCAL CONVECTIVA - CHUVAS INTENSAS",-16.285002436252,-41.7675044583727,"Tempestade","images/temp.png","22/01/2023"
"151","106","26/12/2022","Umburatiba","67","19/12/2022","180","17/06/2023","TEMPESTADE LOCAL CONVECTIVA - CHUVAS INTENSAS",-17.2723795777219,-40.6669063150439,"Tempestade","images/temp.png","22/01/2023"
"152","106","11/01/2023","Umburatiba","11","10/01/2023","180","09/07/2023","TEMPESTADE LOCAL CONVECTIVA - CHUVAS INTENSAS",-17.2723795777219,-40.6669063150439,"Tempestade","images/temp.png","22/01/2023"
"153","107","26/12/2022","Mendes Pimentel","1.068","23/12/2022","180","21/06/2023","TEMPESTADE LOCAL CONVECTIVA - CHUVAS INTENSAS",-18.6293059486816,-41.3558296307431,"Tempestade","images/temp.png","22/01/2023"
"154","108","27/12/2022","Padre Paraíso","39","23/12/2022","180","20/06/2023","TEMPESTADE LOCAL CONVECTIVA - CHUVAS INTENSAS",-17.0379858063924,-41.5520117374808,"Tempestade","images/temp.png","22/01/2023"
"155","109","27/12/2022","Poté","1.047","20/12/2022","90","20/03/2023","TEMPESTADE LOCAL CONVECTIVA - CHUVAS INTENSAS",-17.8149734904356,-41.7693422279938,"Tempestade","images/temp.png","22/01/2023"
"156","109","11/01/2023","Poté","11","10/01/2023","180","09/07/2023","TEMPESTADE LOCAL CONVECTIVA - CHUVAS INTENSAS",-17.8149734904356,-41.7693422279938,"Tempestade","images/temp.png","22/01/2023"
"157","110","27/12/2022","Antônio Dias","63","25/12/2022","180","23/06/2022","TEMPESTADE LOCAL CONVECTIVA - CHUVAS INTENSAS",-19.5670459113639,-42.8763516026514,"Tempestade","images/temp.png","22/01/2023"
"158","110","11/01/2023","Antônio Dias","11","10/01/2023","180","09/07/2023","TEMPESTADE LOCAL CONVECTIVA - CHUVAS INTENSAS",-19.5670459113639,-42.8763516026514,"Tempestade","images/temp.png","22/01/2023"
"159","111","28/12/2022","Mathias Lobato","50","14/12/2022","90","14/03/2023","ENXURRADA",-18.6111369287467,-41.9271885470053,"Alagamento","images/alag.png","22/01/2023"
"160","112","28/12/2022","Itacarambi","68","19/12/2022","180","17/06/2023","TEMPESTADE LOCAL CONVECTIVA - CHUVAS INTENSAS",-15.1771775351879,-44.1251389633627,"Tempestade","images/temp.png","22/01/2023"
"161","113","29/12/2022","Machacalis","1.043","09/12/2022","180","07/06/2023","TEMPESTADE LOCAL CONVECTIVA - CHUVAS INTENSAS",-17.0838370838372,-40.7197420815578,"Tempestade","images/temp.png","22/01/2023"
"162","113","11/01/2023","Machacalis","11","10/01/2023","180","09/07/2023","TEMPESTADE LOCAL CONVECTIVA - CHUVAS INTENSAS",-17.0838370838372,-40.7197420815578,"Tempestade","images/temp.png","22/01/2023"
"163","114","29/12/2022","Espera Feliz","1.365","21/12/2022","180","19/06/2023","TEMPESTADE LOCAL CONVECTIVA - CHUVAS INTENSAS",-20.5972902719545,-41.9299437112835,"Tempestade","images/temp.png","22/01/2023"
"164","115","29/12/2022","Pedra Azul","72","21/06/2023","180","21/06/2023","TEMPESTADE LOCAL CONVECTIVA - CHUVAS INTENSAS",-15.9550574378461,-41.1842210294779,"Tempestade","images/temp.png","22/01/2023"
"165","115","11/01/2023","Pedra Azul","11","10/01/2023","180","09/07/2023","TEMPESTADE LOCAL CONVECTIVA - CHUVAS INTENSAS",-15.9550574378461,-41.1842210294779,"Tempestade","images/temp.png","22/01/2023"
"166","116","29/12/2022","Campanário","60","19/12/2022","180","17/06/2023","TEMPESTADE LOCAL CONVECTIVA - CHUVAS INTENSAS",-18.2839632616977,-41.7343995076712,"Tempestade","images/temp.png","22/01/2023"
"167","117","29/12/2022","São Pedro do Suaçui","1.436","22/12/2022","180","20/06/2023","TEMPESTADE LOCAL CONVECTIVA - CHUVAS INTENSAS",-18.3478816106792,-42.592600871414,"Tempestade","images/temp.png","22/01/2023"
"168","118","29/12/2022","Manhuaçu","151","22/12/2022","180","20/06/2023","TEMPESTADE LOCAL/ CONVECTIVA - VENDAVAL",-20.1952843767002,-42.1068644159292,"Tempestade","images/temp.png","22/01/2023"
"169","118","11/01/2023","Manhuaçu","11","10/01/2023","180","09/07/2023","TEMPESTADE LOCAL CONVECTIVA - CHUVAS INTENSAS",-20.1952843767002,-42.1068644159292,"Tempestade","images/temp.png","22/01/2023"
"170","119","30/12/2022","Itutinga","5.222","26/12/2022","180","24/06/2023","TEMPESTADE LOCAL/ CONVECTIVA - VENDAVAL",-21.3512661473462,-44.7102326372896,"Tempestade","images/temp.png","22/01/2023"
"171","119","11/01/2023","Itutinga","11","10/01/2023","180","09/07/2023","TEMPESTADE LOCAL CONVECTIVA - CHUVAS INTENSAS",-21.3512661473462,-44.7102326372896,"Tempestade","images/temp.png","22/01/2023"
"172","120","02/01/2023","Presidente Olegário","1.565","26/12/2022","180","24/06/2023","TEMPESTADE LOCAL CONVECTIVA - CHUVAS INTENSAS",-18.2390903669612,-46.3362002654789,"Tempestade","images/temp.png","22/01/2023"
"173","120","11/01/2023","Presidente Olegário","11","10/01/2023","180","09/07/2023","TEMPESTADE LOCAL CONVECTIVA - CHUVAS INTENSAS",-18.2390903669612,-46.3362002654789,"Tempestade","images/temp.png","22/01/2023"
"174","121","03/01/2023","Aricanduva","46","19/12/2022","180","17/06/223","TEMPESTADE LOCAL CONVECTIVA - CHUVAS INTENSAS",-17.8810889366177,-42.6055704012118,"Tempestade","images/temp.png","22/01/2023"
"175","121","11/01/2023","Aricanduva","11","10/01/2023","180","09/07/2023","TEMPESTADE LOCAL CONVECTIVA - CHUVAS INTENSAS",-17.8810889366177,-42.6055704012118,"Tempestade","images/temp.png","22/01/2023"
"176","122","03/01/2023","Itaobim","79","26/12/2022","180","24/26/2023","TEMPESTADE LOCAL CONVECTIVA - CHUVAS INTENSAS",-16.583026659065,-41.5343839384477,"Tempestade","images/temp.png","22/01/2023"
"177","122","11/01/2023","Itaobim","11","10/01/2023","180","09/07/2023","TEMPESTADE LOCAL CONVECTIVA - CHUVAS INTENSAS",-16.583026659065,-41.5343839384477,"Tempestade","images/temp.png","22/01/2023"
"178","123","03/01/2023","Palmópolis","193","22/12/2022","180","20/26/2023","TEMPESTADE LOCAL CONVECTIVA - CHUVAS INTENSAS",-16.7885266651958,-40.3710896448202,"Tempestade","images/temp.png","22/01/2023"
"179","123","11/01/2023","Palmópolis","11","10/01/2023","180","09/07/2023","TEMPESTADE LOCAL CONVECTIVA - CHUVAS INTENSAS",-16.7885266651958,-40.3710896448202,"Tempestade","images/temp.png","22/01/2023"
"180","124","03/01/2023","Nova Era","2.265","27/12/2022","180","25/06/2023","DESLIZAMENTO DE SOLO E/ OU ROCHA",-19.7188006904446,-43.013756343403,"Deslizamento","images/desl.png","22/01/2023"
"181","124","11/01/2023","Nova Era","11","10/01/2023","180","09/07/2023","TEMPESTADE LOCAL CONVECTIVA - CHUVAS INTENSAS",-19.7188006904446,-43.013756343403,"Tempestade","images/temp.png","22/01/2023"
"182","125","04/01/2023","Jaguaraçu","801","28/12/2022","172","26/06/2023","TEMPESTADE LOCAL CONVECTIVA - CHUVAS INTENSAS",-19.6375789640755,-42.7181825333059,"Tempestade","images/temp.png","22/01/2023"
"183","125","11/01/2023","Jaguaraçu","11","10/01/2023","180","09/07/2023","TEMPESTADE LOCAL CONVECTIVA - CHUVAS INTENSAS",-19.6375789640755,-42.7181825333059,"Tempestade","images/temp.png","22/01/2023"
"184","126","05/01/2023","Coronel Fabriciano","8134","30/12/2022","180","28/06/2023","TEMPESTADE LOCAL CONVECTIVA - CHUVAS INTENSAS",-19.4585788068149,-42.6899415683234,"Tempestade","images/temp.png","22/01/2023"
"185","126","11/01/2023","Coronel Fabriciano","11","10/01/2023","180","09/07/2023","TEMPESTADE LOCAL CONVECTIVA - CHUVAS INTENSAS",-19.4585788068149,-42.6899415683234,"Tempestade","images/temp.png","22/01/2023"
"186","127","06/01/2023","Cachoeira do Pajeú","59","27/12/2023","180","25/06/2023","TEMPESTADE LOCAL CONVECTIVA - CHUVAS INTENSAS",NA,NA,"Tempestade","images/temp.png","22/01/2023"
"187","127","11/01/2023","Cachoeira do Pajeú","11","10/01/2023","180","09/07/2023","TEMPESTADE LOCAL CONVECTIVA - CHUVAS INTENSAS",NA,NA,"Tempestade","images/temp.png","22/01/2023"
"188","128","06/01/2023","Caldas","1833","29/12/2022","180","27/06/2023","TEMPESTADE LOCAL CONVECTIVA - CHUVAS INTENSAS",-21.8908054349482,-46.3636770731014,"Tempestade","images/temp.png","22/01/2023"
"189","128","11/01/2023","Caldas","11","10/01/2023","180","09/07/2023","TEMPESTADE LOCAL CONVECTIVA - CHUVAS INTENSAS",-21.8908054349482,-46.3636770731014,"Tempestade","images/temp.png","22/01/2023"
"190","128","19/01/2023","Caldas","1837","10/01/2023","180","09/07/2023","TEMPESTADE LOCAL CONVECTIVA - CHUVAS INTENSAS",-21.8908054349482,-46.3636770731014,"Tempestade","images/temp.png","22/01/2023"
"191","129","06/01/2023","Santa Maria do Salto","69","26/12/2022","180","24/06/2023","TEMPESTADE LOCAL CONVECTIVA - CHUVAS INTENSAS",-16.3073205901086,-40.1163623349066,"Tempestade","images/temp.png","22/01/2023"
"192","129","11/01/2023","Santa Maria do Salto","11","10/01/2023","180","09/07/2023","TEMPESTADE LOCAL CONVECTIVA - CHUVAS INTENSAS",-16.3073205901086,-40.1163623349066,"Tempestade","images/temp.png","22/01/2023"
"193","130","08/01/2023","Novo Cruzeiro","103","26/12/2023","180","24/06/2023","TEMPESTADE LOCAL CONVECTIVA - CHUVAS INTENSAS",-17.3707091276615,-41.9551244332637,"Tempestade","images/temp.png","22/01/2023"
"194","130","11/01/2023","Novo Cruzeiro","11","10/01/2023","180","09/07/2023","TEMPESTADE LOCAL CONVECTIVA - CHUVAS INTENSAS",-17.3707091276615,-41.9551244332637,"Tempestade","images/temp.png","22/01/2023"
"195","131","09/01/2023","Curral de Dentro","84","28/12/2022","180","26/06/2023","TEMPESTADE LOCAL CONVECTIVA - CHUVAS INTENSAS",-15.8617806975143,-41.7648113042943,"Tempestade","images/temp.png","22/01/2023"
"196","131","11/01/2023","Curral de Dentro","11","10/01/2023","180","09/07/2023","TEMPESTADE LOCAL CONVECTIVA - CHUVAS INTENSAS",-15.8617806975143,-41.7648113042943,"Tempestade","images/temp.png","22/01/2023"
"197","132","10/01/2023","Sobrália","1","08/01/2023","180","07/07/2023","TEMPESTADE LOCAL CONVECTIVA - CHUVAS INTENSAS",-19.2182176138942,-42.1458653143764,"Tempestade","images/temp.png","22/01/2023"
"198","132","11/01/2023","Sobrália","11","10/01/2023","180","09/07/2023","TEMPESTADE LOCAL CONVECTIVA - CHUVAS INTENSAS",-19.2182176138942,-42.1458653143764,"Tempestade","images/temp.png","22/01/2023"
"199","133","10/01/2023","Crucilândia","1","09/01/2023","180","08/07/2023","TEMPESTADE LOCAL CONVECTIVA - CHUVAS INTENSAS",-20.4040502840672,-44.3597747334645,"Tempestade","images/temp.png","22/01/2023"
"200","133","11/01/2023","Crucilândia","11","10/01/2023","180","09/07/2023","TEMPESTADE LOCAL CONVECTIVA - CHUVAS INTENSAS",-20.4040502840672,-44.3597747334645,"Tempestade","images/temp.png","22/01/2023"
"201","134","10/01/2023","Alvorada de Minas","4","09/01/2023","180","08/07/2023","TEMPESTADE LOCAL CONVECTIVA - CHUVAS INTENSAS",-18.7790174130155,-43.3675884002053,"Tempestade","images/temp.png","22/01/2023"
"202","134","11/01/2023","Alvorada de Minas","11","10/01/2023","180","09/07/2023","TEMPESTADE LOCAL CONVECTIVA - CHUVAS INTENSAS",-18.7790174130155,-43.3675884002053,"Tempestade","images/temp.png","22/01/2023"
"203","135","10/01/2023","Felício dos Santos","2","09/01/2023","180","08/07/2023","TEMPESTADE LOCAL CONVECTIVA - CHUVAS INTENSAS",-18.1331581682517,-43.2389126942967,"Tempestade","images/temp.png","22/01/2023"
"204","135","11/01/2023","Felício dos Santos","11","10/01/2023","180","09/07/2023","TEMPESTADE LOCAL CONVECTIVA - CHUVAS INTENSAS",-18.1331581682517,-43.2389126942967,"Tempestade","images/temp.png","22/01/2023"
"205","136","10/01/2023","Cambuí","3","09/01/2023","180","08/07/2023","TEMPESTADE LOCAL CONVECTIVA - CHUVAS INTENSAS",-22.5826993760799,-46.0783310156585,"Tempestade","images/temp.png","22/01/2023"
"206","136","11/01/2023","Cambuí","11","10/01/2023","180","09/07/2023","TEMPESTADE LOCAL CONVECTIVA - CHUVAS INTENSAS",-22.5826993760799,-46.0783310156585,"Tempestade","images/temp.png","22/01/2023"
"207","137","11/01/2023","Água Boa","11","10/01/2023","180","09/07/2023","TEMPESTADE LOCAL CONVECTIVA - CHUVAS INTENSAS",-18.0272073297231,-42.2760223517228,"Tempestade","images/temp.png","22/01/2023"
"208","138","11/01/2023","Arcos","11","10/01/2023","180","09/07/2023","TEMPESTADE LOCAL CONVECTIVA - CHUVAS INTENSAS",-20.2596993096423,-45.5472705970377,"Tempestade","images/temp.png","22/01/2023"
"209","139","11/01/2023","Astolfo Dutra","11","10/01/2023","180","09/07/2023","TEMPESTADE LOCAL CONVECTIVA - CHUVAS INTENSAS",-21.3154870698112,-42.8793213521459,"Tempestade","images/temp.png","22/01/2023"
"210","140","11/01/2023","Betim","11","10/01/2023","180","09/07/2023","TEMPESTADE LOCAL CONVECTIVA - CHUVAS INTENSAS",-19.9474569574388,-44.1991174651279,"Tempestade","images/temp.png","22/01/2023"
"211","141","11/01/2023","Braúnas","11","10/01/2023","180","09/07/2023","TEMPESTADE LOCAL CONVECTIVA - CHUVAS INTENSAS",-19.0257118626377,-42.7164304875851,"Tempestade","images/temp.png","22/01/2023"
"212","142","11/01/2023","Brumadinho","11","10/01/2023","180","09/07/2023","TEMPESTADE LOCAL CONVECTIVA - CHUVAS INTENSAS",-20.1778320698936,-44.122682605106,"Tempestade","images/temp.png","22/01/2023"
"213","143","11/01/2023","Campo Belo","11","10/01/2023","180","09/07/2023","TEMPESTADE LOCAL CONVECTIVA - CHUVAS INTENSAS",-20.9196739737241,-45.2558870573185,"Tempestade","images/temp.png","22/01/2023"
"214","144","11/01/2023","Candeias","11","10/01/2023","180","09/07/2023","TEMPESTADE LOCAL CONVECTIVA - CHUVAS INTENSAS",-20.7485157185545,-45.2795982322268,"Tempestade","images/temp.png","22/01/2023"
"215","145","11/01/2023","Capitólio","11","10/01/2023","180","09/07/2023","TEMPESTADE LOCAL CONVECTIVA - CHUVAS INTENSAS",-20.6126650552047,-46.1442011442914,"Tempestade","images/temp.png","22/01/2023"
"216","146","11/01/2023","Caratinga","11","10/01/2023","180","09/07/2023","TEMPESTADE LOCAL CONVECTIVA - CHUVAS INTENSAS",-19.7121350591118,-42.1021514395908,"Tempestade","images/temp.png","22/01/2023"
"217","147","11/01/2023","Careaçu","11","10/01/2023","180","09/07/2023","TEMPESTADE LOCAL CONVECTIVA - CHUVAS INTENSAS",-22.0786075926106,-45.6644195433704,"Tempestade","images/temp.png","22/01/2023"
"218","148","11/01/2023","Carmo do Cajuru","11","10/01/2023","180","09/07/2023","TEMPESTADE LOCAL CONVECTIVA - CHUVAS INTENSAS",-20.1964577791627,-44.7011848067939,"Tempestade","images/temp.png","22/01/2023"
"219","149","11/01/2023","Carmópolis de Minas","11","10/01/2023","180","09/07/2023","TEMPESTADE LOCAL CONVECTIVA - CHUVAS INTENSAS",-20.5618884740519,-44.6478477302388,"Tempestade","images/temp.png","22/01/2023"
"220","150","11/01/2023","Caxambu","11","10/01/2023","180","09/07/2023","TEMPESTADE LOCAL CONVECTIVA - CHUVAS INTENSAS",-21.9776186884644,-44.9472927712031,"Tempestade","images/temp.png","22/01/2023"
"221","151","11/01/2023","Cipotânea","11","10/01/2023","180","09/07/2023","TEMPESTADE LOCAL CONVECTIVA - CHUVAS INTENSAS",-20.9239891646003,-43.3581585260372,"Tempestade","images/temp.png","22/01/2023"
"222","152","11/01/2023","Conselheiro Pena","11","10/01/2023","180","09/07/2023","TEMPESTADE LOCAL CONVECTIVA - CHUVAS INTENSAS",-19.1701164383827,-41.4565478689119,"Tempestade","images/temp.png","22/01/2023"
"223","153","11/01/2023","Cristina","11","10/01/2023","180","09/07/2023","TEMPESTADE LOCAL CONVECTIVA - CHUVAS INTENSAS",-22.2056572812421,-45.2894065313185,"Tempestade","images/temp.png","22/01/2023"
"224","154","11/01/2023","Desterro de Entre Rios","11","10/01/2023","180","09/07/2023","TEMPESTADE LOCAL CONVECTIVA - CHUVAS INTENSAS",-20.6297242894057,-44.2713150003674,"Tempestade","images/temp.png","22/01/2023"
"225","155","11/01/2023","Desterro do Melo","11","10/01/2023","180","09/07/2023","TEMPESTADE LOCAL CONVECTIVA - CHUVAS INTENSAS",-21.1506506912427,-43.5197597341857,"Tempestade","images/temp.png","22/01/2023"
"226","156","11/01/2023","Diamantina","11","10/01/2023","180","09/07/2023","TEMPESTADE LOCAL CONVECTIVA - CHUVAS INTENSAS",-17.9934877841959,-43.6104148586722,"Tempestade","images/temp.png","22/01/2023"
"227","157","11/01/2023","Diogo de Vasconcelos","11","10/01/2023","180","09/07/2023","TEMPESTADE LOCAL CONVECTIVA - CHUVAS INTENSAS",-20.4813292224473,-43.1838759564766,"Tempestade","images/temp.png","22/01/2023"
"228","158","11/01/2023","Divinópolis","11","10/01/2023","180","09/07/2023","TEMPESTADE LOCAL CONVECTIVA - CHUVAS INTENSAS",-20.1236900815101,-44.9307320204237,"Tempestade","images/temp.png","22/01/2023"
"229","159","11/01/2023","Dona Euzébia","11","10/01/2023","180","09/07/2023","TEMPESTADE LOCAL CONVECTIVA - CHUVAS INTENSAS",-21.3314457876213,-42.8010544102065,"Tempestade","images/temp.png","22/01/2023"
"230","160","11/01/2023","Dores de Guanhães","11","10/01/2023","180","09/07/2023","TEMPESTADE LOCAL CONVECTIVA - CHUVAS INTENSAS",-19.0540120976122,-42.931130116025,"Tempestade","images/temp.png","22/01/2023"
"231","161","11/01/2023","Engenheiro Caldas","11","10/01/2023","180","09/07/2023","TEMPESTADE LOCAL CONVECTIVA - CHUVAS INTENSAS",-19.1279914847253,-42.0192354479685,"Tempestade","images/temp.png","22/01/2023"
"232","162","11/01/2023","Entre Rios de Minas","11","10/01/2023","180","09/07/2023","TEMPESTADE LOCAL CONVECTIVA - CHUVAS INTENSAS",-20.705156597423,-44.0948351252074,"Tempestade","images/temp.png","22/01/2023"
"233","163","11/01/2023","Estrela Dalva","11","10/01/2023","180","09/07/2023","TEMPESTADE LOCAL CONVECTIVA - CHUVAS INTENSAS",-21.7064972021916,-42.4670940430282,"Tempestade","images/temp.png","22/01/2023"
"234","164","11/01/2023","Guaranésia","11","10/01/2023","180","09/07/2023","TEMPESTADE LOCAL CONVECTIVA - CHUVAS INTENSAS",-21.2774265551959,-46.8072831997646,"Tempestade","images/temp.png","22/01/2023"
"235","165","11/01/2023","Guarani","11","10/01/2023","180","09/07/2023","TEMPESTADE LOCAL CONVECTIVA - CHUVAS INTENSAS",-21.3569795912832,-43.0576658926568,"Tempestade","images/temp.png","22/01/2023"
"236","166","11/01/2023","Guaxupé","11","10/01/2023","180","09/07/2023","TEMPESTADE LOCAL CONVECTIVA - CHUVAS INTENSAS",-21.2905805531532,-46.6829228023962,"Tempestade","images/temp.png","22/01/2023"
"237","167","11/01/2023","Iapu","11","10/01/2023","180","09/07/2023","TEMPESTADE LOCAL CONVECTIVA - CHUVAS INTENSAS",-19.3470727695355,-42.2427701323683,"Tempestade","images/temp.png","22/01/2023"
"238","168","11/01/2023","Inhapim","11","10/01/2023","180","09/07/2023","TEMPESTADE LOCAL CONVECTIVA - CHUVAS INTENSAS",-19.4986738926087,-41.9669137705144,"Tempestade","images/temp.png","22/01/2023"
"239","169","11/01/2023","Ipaba","11","10/01/2023","180","09/07/2023","TEMPESTADE LOCAL CONVECTIVA - CHUVAS INTENSAS",-19.4088391741005,-42.3708037780148,"Tempestade","images/temp.png","22/01/2023"
"240","170","11/01/2023","Ipatinga","11","10/01/2023","180","09/07/2023","TEMPESTADE LOCAL CONVECTIVA - CHUVAS INTENSAS",-19.4389708440765,-42.6009361306886,"Tempestade","images/temp.png","22/01/2023"
"241","171","11/01/2023","Iraí de Minas","11","10/01/2023","180","09/07/2023","TEMPESTADE LOCAL CONVECTIVA - CHUVAS INTENSAS",-19.0439327470388,-47.4575005843083,"Tempestade","images/temp.png","22/01/2023"
"242","172","11/01/2023","Itapecerica","11","10/01/2023","180","09/07/2023","TEMPESTADE LOCAL CONVECTIVA - CHUVAS INTENSAS",-20.458491087205,-45.1078806377696,"Tempestade","images/temp.png","22/01/2023"
"243","173","11/01/2023","Joanésia","11","10/01/2023","180","09/07/2023","TEMPESTADE LOCAL CONVECTIVA - CHUVAS INTENSAS",-19.2096045078939,-42.7043606176654,"Tempestade","images/temp.png","22/01/2023"
"244","174","11/01/2023","Juíz de Fora","11","10/01/2023","180","09/07/2023","TEMPESTADE LOCAL CONVECTIVA - CHUVAS INTENSAS",-21.7454787499994,-43.4647262703814,"Tempestade","images/temp.png","22/01/2023"
"245","175","11/01/2023","Mariana","11","10/01/2023","180","09/07/2023","TEMPESTADE LOCAL CONVECTIVA - CHUVAS INTENSAS",-20.3290601732515,-43.3313452562076,"Tempestade","images/temp.png","22/01/2023"
"246","176","11/01/2023","Mesquita","11","10/01/2023","180","09/07/2023","TEMPESTADE LOCAL CONVECTIVA - CHUVAS INTENSAS",-19.2479346490109,-42.612116263277,"Tempestade","images/temp.png","22/01/2023"
"247","177","11/01/2023","Miradouro","11","10/01/2023","180","09/07/2023","TEMPESTADE LOCAL CONVECTIVA - CHUVAS INTENSAS",-20.849518534922,-42.3996838514699,"Tempestade","images/temp.png","22/01/2023"
"248","178","11/01/2023","Miraí","11","10/01/2023","180","09/07/2023","TEMPESTADE LOCAL CONVECTIVA - CHUVAS INTENSAS",-21.1500695644645,-42.6178784305717,"Tempestade","images/temp.png","22/01/2023"
"249","179","11/01/2023","Nanuque","11","10/01/2023","180","09/07/2023","TEMPESTADE LOCAL CONVECTIVA - CHUVAS INTENSAS",-17.7792288005593,-40.4969102214289,"Tempestade","images/temp.png","22/01/2023"
"250","180","11/01/2023","Nepomuceno","11","10/01/2023","180","09/07/2023","TEMPESTADE LOCAL CONVECTIVA - CHUVAS INTENSAS",-21.2275230628504,-45.2607935732428,"Tempestade","images/temp.png","22/01/2023"
"251","181","11/01/2023","Novorizonte","11","10/01/2023","180","09/07/2023","TEMPESTADE LOCAL CONVECTIVA - CHUVAS INTENSAS",-16.011019908751,-42.3976949564494,"Tempestade","images/temp.png","22/01/2023"
"252","182","11/01/2023","Ouro Preto","11","10/01/2023","180","09/07/2023","TEMPESTADE LOCAL CONVECTIVA - CHUVAS INTENSAS",-20.3910707263416,-43.6104155681191,"Tempestade","images/temp.png","22/01/2023"
"253","183","11/01/2023","Passa Tempo","11","10/01/2023","180","09/07/2023","TEMPESTADE LOCAL CONVECTIVA - CHUVAS INTENSAS",-20.6489206637568,-44.4911047458265,"Tempestade","images/temp.png","22/01/2023"
"254","184","11/01/2023","Patos de Minas","11","10/01/2023","180","09/07/2023","TEMPESTADE LOCAL CONVECTIVA - CHUVAS INTENSAS",-18.5971202962779,-46.5078840800833,"Tempestade","images/temp.png","22/01/2023"
"255","185","11/01/2023","Patrocínio do Muriaé","11","10/01/2023","180","09/07/2023","TEMPESTADE LOCAL CONVECTIVA - CHUVAS INTENSAS",-21.1671533594256,-42.2529852906764,"Tempestade","images/temp.png","22/01/2023"
"256","186","11/01/2023","Perdões","11","10/01/2023","180","09/07/2023","TEMPESTADE LOCAL CONVECTIVA - CHUVAS INTENSAS",-21.0759241076729,-45.0647739072559,"Tempestade","images/temp.png","22/01/2023"
"257","187","11/01/2023","Periquito","11","10/01/2023","180","09/07/2023","TEMPESTADE LOCAL CONVECTIVA - CHUVAS INTENSAS",-19.0842287559866,-42.2318159060219,"Tempestade","images/temp.png","22/01/2023"
"258","188","11/01/2023","Piracema","11","10/01/2023","180","09/07/2023","TEMPESTADE LOCAL CONVECTIVA - CHUVAS INTENSAS",-20.5222377634336,-44.4227227099522,"Tempestade","images/temp.png","22/01/2023"
"259","189","11/01/2023","Piranga","11","10/01/2023","180","09/07/2023","TEMPESTADE LOCAL CONVECTIVA - CHUVAS INTENSAS",-20.6332467106684,-43.2990049958264,"Tempestade","images/temp.png","22/01/2023"
"260","190","11/01/2023","Pouso Alegre","11","10/01/2023","180","09/07/2023","TEMPESTADE LOCAL CONVECTIVA - CHUVAS INTENSAS",-22.2648826298145,-45.9399908671016,"Tempestade","images/temp.png","22/01/2023"
"261","191","11/01/2023","Recreio","11","10/01/2023","180","09/07/2023","TEMPESTADE LOCAL CONVECTIVA - CHUVAS INTENSAS",-21.519774293562,-42.4378516382147,"Tempestade","images/temp.png","22/01/2023"
"262","192","11/01/2023","Reduto","11","10/01/2023","180","09/07/2023","TEMPESTADE LOCAL CONVECTIVA - CHUVAS INTENSAS",-20.2378036597744,-41.9402912676435,"Tempestade","images/temp.png","22/01/2023"
"263","193","11/01/2023","Resende Costa","11","10/01/2023","180","09/07/2023","TEMPESTADE LOCAL CONVECTIVA - CHUVAS INTENSAS",-20.8374367215595,-44.2920608695984,"Tempestade","images/temp.png","22/01/2023"
"264","194","11/01/2023","Ribeirão Vermelho","11","10/01/2023","180","09/07/2023","TEMPESTADE LOCAL CONVECTIVA - CHUVAS INTENSAS",-21.1478852944545,-45.0730616156132,"Tempestade","images/temp.png","22/01/2023"
"265","195","11/01/2023","Rio Pomba","11","10/01/2023","180","09/07/2023","TEMPESTADE LOCAL CONVECTIVA - CHUVAS INTENSAS",-21.2483696128615,-43.1717874047373,"Tempestade","images/temp.png","22/01/2023"
"266","196","11/01/2023","Santa Bárbara do Tugúrio","11","10/01/2023","180","09/07/2023","TEMPESTADE LOCAL CONVECTIVA - CHUVAS INTENSAS",-21.2450751534617,-43.5315026691292,"Tempestade","images/temp.png","22/01/2023"
"267","197","11/01/2023","Santa Cruz de Minas","11","10/01/2023","180","09/07/2023","TEMPESTADE LOCAL CONVECTIVA - CHUVAS INTENSAS",-21.1203095330552,-44.2172969149183,"Tempestade","images/temp.png","22/01/2023"
"268","198","11/01/2023","Santa Luzia","11","10/01/2023","180","09/07/2023","TEMPESTADE LOCAL CONVECTIVA - CHUVAS INTENSAS",-19.744823762304,-43.8366290393479,"Tempestade","images/temp.png","22/01/2023"
"269","199","11/01/2023","Santa Maria de Itabira","11","10/01/2023","180","09/07/2023","TEMPESTADE LOCAL CONVECTIVA - CHUVAS INTENSAS",-19.4352908319029,-43.0449079654584,"Tempestade","images/temp.png","22/01/2023"
"270","200","11/01/2023","Santana do Jacaré","11","10/01/2023","180","09/07/2023","TEMPESTADE LOCAL CONVECTIVA - CHUVAS INTENSAS",-20.8831065693826,-45.0620687754367,"Tempestade","images/temp.png","22/01/2023"
"271","201","11/01/2023","Santana do Paraíso","11","10/01/2023","180","09/07/2023","TEMPESTADE LOCAL CONVECTIVA - CHUVAS INTENSAS",-19.3850679731396,-42.5204871971857,"Tempestade","images/temp.png","22/01/2023"
"272","202","11/01/2023","Santos Dumont","11","10/01/2023","180","09/07/2023","TEMPESTADE LOCAL CONVECTIVA - CHUVAS INTENSAS",-21.4577378251226,-43.5256938658051,"Tempestade","images/temp.png","22/01/2023"
"273","203","11/01/2023","São Gonçalo do Rio Preto","11","10/01/2023","180","09/07/2023","TEMPESTADE LOCAL CONVECTIVA - CHUVAS INTENSAS",-18.0763098346054,-43.35851124768,"Tempestade","images/temp.png","22/01/2023"
"274","204","11/01/2023","São Roque de Minas","11","10/01/2023","180","09/07/2023","TEMPESTADE LOCAL CONVECTIVA - CHUVAS INTENSAS",-20.187071776497,-46.5136256569572,"Tempestade","images/temp.png","22/01/2023"
"275","205","11/01/2023","São Sebastião da Bela Vista","11","10/01/2023","180","09/07/2023","TEMPESTADE LOCAL CONVECTIVA - CHUVAS INTENSAS",-22.1612695810261,-45.7759437693062,"Tempestade","images/temp.png","22/01/2023"
"276","206","11/01/2023","São Sebastião do Rio Preto","11","10/01/2023","180","09/07/2023","TEMPESTADE LOCAL CONVECTIVA - CHUVAS INTENSAS",-19.3005096636045,-43.2194723528056,"Tempestade","images/temp.png","22/01/2023"
"277","207","11/01/2023","São Tiago","11","10/01/2023","180","09/07/2023","TEMPESTADE LOCAL CONVECTIVA - CHUVAS INTENSAS",-20.9385065069798,-44.560349129076,"Tempestade","images/temp.png","22/01/2023"
"278","208","11/01/2023","Senador José Bento","11","10/01/2023","180","09/07/2023","TEMPESTADE LOCAL CONVECTIVA - CHUVAS INTENSAS",-22.1567598989151,-46.1410766320416,"Tempestade","images/temp.png","22/01/2023"
"279","209","11/01/2023","Senhora do Porto","11","10/01/2023","180","09/07/2023","TEMPESTADE LOCAL CONVECTIVA - CHUVAS INTENSAS",-18.9131948250532,-43.0805297743857,"Tempestade","images/temp.png","22/01/2023"
"280","210","11/01/2023","Serro","11","10/01/2023","180","09/07/2023","TEMPESTADE LOCAL CONVECTIVA - CHUVAS INTENSAS",-18.5363671003349,-43.4018044721285,"Tempestade","images/temp.png","22/01/2023"
"281","211","11/01/2023","Silvianópolis","11","10/01/2023","180","09/07/2023","TEMPESTADE LOCAL CONVECTIVA - CHUVAS INTENSAS",-22.0368947929632,-45.8055762508617,"Tempestade","images/temp.png","22/01/2023"
"282","212","11/01/2023","Tabuleiro","11","10/01/2023","180","09/07/2023","TEMPESTADE LOCAL CONVECTIVA - CHUVAS INTENSAS",-21.3633526560643,-43.256180114466,"Tempestade","images/temp.png","22/01/2023"
"283","213","11/01/2023","Tocantins","11","10/01/2023","180","09/07/2023","TEMPESTADE LOCAL CONVECTIVA - CHUVAS INTENSAS",-21.1774740338779,-43.0264904596093,"Tempestade","images/temp.png","22/01/2023"
"284","214","11/01/2023","Três Pontas","11","10/01/2023","180","09/07/2023","TEMPESTADE LOCAL CONVECTIVA - CHUVAS INTENSAS",-21.3935610832609,-45.4981584251512,"Tempestade","images/temp.png","22/01/2023"
"285","215","11/01/2023","Turmalina","11","10/01/2023","180","09/07/2023","TEMPESTADE LOCAL CONVECTIVA - CHUVAS INTENSAS",-17.2444497396872,-42.8399865021666,"Tempestade","images/temp.png","22/01/2023"
"286","216","11/01/2023","Varginha","11","10/01/2023","180","09/07/2023","TEMPESTADE LOCAL CONVECTIVA - CHUVAS INTENSAS",-21.557482958501,-45.4091093709039,"Tempestade","images/temp.png","22/01/2023"
"287","217","12/01/2023","Mercês","10","10/01/2023","180","09/07/2023","TEMPESTADE LOCAL CONVECTIVA - CHUVAS INTENSAS",-21.1882536850416,-43.3328321747431,"Tempestade","images/temp.png","22/01/2023"
"288","218","13/01/2023","Carmésia","04","11/01/2023","180","10/07/2023","ENXURRADA",-19.0603416383482,-43.1744347976103,"Alagamento","images/alag.png","22/01/2023"
"289","219","13/01/2023","Frei Inocêncio","94","10/01/2023","180","09/07/2023","TEMPESTADE LOCAL CONVECTIVA - CHUVAS INTENSAS",-18.5197242971195,-41.8792259228268,"Tempestade","images/temp.png","22/01/2023"
"290","220","11/01/2023","Santa Rosa da Serra","04","11/01/2023","180","10/07/2023","TEMPESTADE LOCAL CONVECTIVA - CHUVAS INTENSAS",-19.5620379149189,-45.9997503184584,"Tempestade","images/temp.png","22/01/2023"
"291","221","16/01/2023","Aimorés","1","09/01/2023","180","08/07/2023","TEMPESTADE LOCAL CONVECTIVA - CHUVAS INTENSAS",-19.6250962397144,-41.2138532413229,"Tempestade","images/temp.png","22/01/2023"
"292","222","16/01/2023","Oliveira","4712","13/01/2023","180","12/07/2023","TEMPESTADE LOCAL CONVECTIVA - CHUVAS INTENSAS",-20.7498153632034,-44.735997806954,"Tempestade","images/temp.png","22/01/2023"
"293","223","16/01/2023","Dom Cavati","3","09/01/2023","180","08/07/2023","TEMPESTADE LOCAL CONVECTIVA - CHUVAS INTENSAS",-19.3859711004021,-42.0912305857773,"Tempestade","images/temp.png","22/01/2023"
"294","224","16/01/2023","Santana do Deserto","3396","11/01/2023","180","10/07/2023","TEMPESTADE LOCAL CONVECTIVA - CHUVAS INTENSAS",-21.9459573461582,-43.1828090638099,"Tempestade","images/temp.png","22/01/2023"
"295","225","16/01/2023","Senhora dos Remédios","1","10/01/2023","180","09/07/2023","TEMPESTADE LOCAL CONVECTIVA - CHUVAS INTENSAS",-21.0312369695871,-43.6002306813697,"Tempestade","images/temp.png","22/01/2023"
"296","226","16/01/2023","Porto Firme","14","10/01/2023","180","09/07/2023","TEMPESTADE LOCAL CONVECTIVA - CHUVAS INTENSAS",-20.6635786429788,-43.0803791384995,"Tempestade","images/temp.png","22/01/2023"
"297","227","16/01/2023","Jequitinhonha","5","12/01/2023","180","11/07/2023","TEMPESTADE LOCAL CONVECTIVA - CHUVAS INTENSAS",-16.3888127411311,-41.082929459777,"Tempestade","images/temp.png","22/01/2023"
"298","228","18/01/2023","Patrocinio","4011","21/01/2023","180","20/07/2023","TEMPESTADE LOCAL CONVECTIVA - CHUVAS INTENSAS",-18.9704674722715,-47.0512564429173,"Tempestade","images/temp.png","22/01/2023"
"299","229","18/01/2023","Pompéu","2516","13/01/2023","180","12/07/2023","TEMPESTADE LOCAL CONVECTIVA - CHUVAS INTENSAS",-19.1310078076037,-44.9236231838574,"Tempestade","images/temp.png","22/01/2023"
"300","230","19/01/2023","Raposos","28","05/01/2023","180","04/07/2023","TEMPESTADE LOCAL CONVECTIVA - CHUVAS INTENSAS",-19.9809300445696,-43.7831617255035,"Tempestade","images/temp.png","22/01/2023"
"301","231","19/01/2023","Governador Valadares","11790","10/01/2023","180","09/07/2023","INUNDAÇÃO",-18.7834643076986,-41.963470378739,"Alagamento","images/alag.png","22/01/2023"
"302","232","19/01/2023","Conceição de Ipanema","3","09/01/2023","180","08/07/2023","TEMPESTADE LOCAL CONVECTIVA - CHUVAS INTENSAS",-19.9135197980508,-41.6867051024099,"Tempestade","images/temp.png","22/01/2023"
"303","233","19/01/2023","Ipanema","375","07/01/2023","180","06/07/2023","TEMPESTADE LOCAL CONVECTIVA - CHUVAS INTENSAS",-19.7577519970037,-41.7493583993658,"Tempestade","images/temp.png","22/01/2023"
"304","234","20/01/2023","Santo Antônio do Itambé","8","09/01/2023","180","08/07/2023","TEMPESTADE LOCAL CONVECTIVA - CHUVAS INTENSAS",-18.4784061974999,-43.2667554410496,"Tempestade","images/temp.png","22/01/2023"
"305","235","20/01/2023","Divinésia","2","17/01/2023","180","16/07/2023","TEMPESTADE LOCAL CONVECTIVA - CHUVAS INTENSAS",-20.9879134857173,-42.9980672251507,"Tempestade","images/temp.png","22/01/2023"
"306","1","22/01/2023","Águas Vermelhas",NA,NA,NA,NA,"SECA",-15.6831089050979,-41.5215074499224,"Seca","images/seca.png","22/01/2023"
"307","2","22/01/2023","Almenara",NA,NA,NA,NA,"SECA",-16.0910436877635,-40.7238344687858,"Seca","images/seca.png","22/01/2023"
"308","3","22/01/2023","Araçuaí",NA,NA,NA,NA,"SECA",-16.9307203278684,-41.9931504640464,"Seca","images/seca.png","22/01/2023"
"309","4","22/01/2023","Aricanduva",NA,NA,NA,NA,"SECA",-17.8810889366177,-42.6055704012118,"Seca","images/seca.png","22/01/2023"
"310","5","22/01/2023","Arinos",NA,NA,NA,NA,"SECA",-15.7505588438045,-45.9884569083532,"Seca","images/seca.png","22/01/2023"
"311","6","22/01/2023","Augusto de Lima",NA,NA,NA,NA,"SECA",-18.1088662075512,-44.1980373313386,"Seca","images/seca.png","22/01/2023"
"312","7","22/01/2023","Bandeira",NA,NA,NA,NA,"SECA",-15.8776760732068,-40.580972810709,"Seca","images/seca.png","22/01/2023"
"313","8","22/01/2023","Berilo",NA,NA,NA,NA,"SECA",-16.8623408370312,-42.4943159398051,"Seca","images/seca.png","22/01/2023"
"314","9","22/01/2023","Berizal",NA,NA,NA,NA,"SECA",-15.6841181363946,-41.7617631867336,"Seca","images/seca.png","22/01/2023"
"315","10","22/01/2023","Bocaiúva",NA,NA,NA,NA,"SECA",-17.2896346655127,-43.6864389395857,"Seca","images/seca.png","22/01/2023"
"316","11","22/01/2023","Bonito de Minas",NA,NA,NA,NA,"SECA",-14.9925592847151,-44.8968524332643,"Seca","images/seca.png","22/01/2023"
"317","12","22/01/2023","Botumirim",NA,NA,NA,NA,"SECA",-16.9377945647968,-43.005641372599,"Seca","images/seca.png","22/01/2023"
"318","13","22/01/2023","Brasilia de Minas",NA,NA,NA,NA,"SECA",-16.2426487714101,-44.4390512771039,"Seca","images/seca.png","22/01/2023"
"319","14","22/01/2023","Buenópolis",NA,NA,NA,NA,"SECA",-17.8805189929525,-44.0413340209571,"Seca","images/seca.png","22/01/2023"
"320","15","22/01/2023","Buritizeiro",NA,NA,NA,NA,"SECA",-17.285520826019,-45.1916690740869,"Seca","images/seca.png","22/01/2023"
"321","16","22/01/2023","Cachoeira de Pajeú",NA,NA,NA,NA,"SECA",-15.968511019161,-41.4979461244774,"Seca","images/seca.png","22/01/2023"
"322","17","22/01/2023","Campo Azul",NA,NA,NA,NA,"SECA",-16.5087530511007,-44.7632987327088,"Seca","images/seca.png","22/01/2023"
"323","18","22/01/2023","Capelinha",NA,NA,NA,NA,"SECA",-17.6928414853266,-42.4919686616897,"Seca","images/seca.png","22/01/2023"
"324","19","22/01/2023","Capitão Enéas",NA,NA,NA,NA,"SECA",-16.1361568497292,-43.6646044586672,"Seca","images/seca.png","22/01/2023"
"325","20","22/01/2023","Caraí",NA,NA,NA,NA,"SECA",-17.173607037654,-41.5835642076187,"Seca","images/seca.png","22/01/2023"
"326","21","22/01/2023","Carbonita",NA,NA,NA,NA,"SECA",-17.494090615756,-43.0577091257688,"Seca","images/seca.png","22/01/2023"
"327","22","22/01/2023","Catuti",NA,NA,NA,NA,"SECA",-15.3356473238316,-43.0974274671784,"Seca","images/seca.png","22/01/2023"
"328","23","22/01/2023","Chapada do Norte",NA,NA,NA,NA,"SECA",-17.147367662855,-42.4123072803022,"Seca","images/seca.png","22/01/2023"
"329","24","22/01/2023","Chapada Gaúcha",NA,NA,NA,NA,"SECA",-15.4692036608162,-45.4587517731863,"Seca","images/seca.png","22/01/2023"
"330","25","22/01/2023","Claro dos Poções",NA,NA,NA,NA,"SECA",-17.0686510479215,-44.2281083727901,"Seca","images/seca.png","22/01/2023"
"331","26","22/01/2023","Cônego Marinho",NA,NA,NA,NA,"SECA",-14.9844636910476,-44.5965271315879,"Seca","images/seca.png","22/01/2023"
"332","27","22/01/2023","Coração de Jesus",NA,NA,NA,NA,"SECA",-16.6131939919835,-44.3786266387251,"Seca","images/seca.png","22/01/2023"
"333","28","22/01/2023","Corinto",NA,NA,NA,NA,"SECA",-18.3354014682448,-44.6174645114493,"Seca","images/seca.png","22/01/2023"
"334","29","22/01/2023","Coronel Murta",NA,NA,NA,NA,"SECA",-16.5912663378398,-42.1763014832706,"Seca","images/seca.png","22/01/2023"
"335","30","22/01/2023","Crisólita",NA,NA,NA,NA,"SECA",-17.2401182578123,-40.9614891843935,"Seca","images/seca.png","22/01/2023"
"336","31","22/01/2023","Cristália",NA,NA,NA,NA,"SECA",-16.7186244059586,-42.8210204619752,"Seca","images/seca.png","22/01/2023"
"337","32","22/01/2023","Curral de Dentro",NA,NA,NA,NA,"SECA",-15.8617806975143,-41.7648113042943,"Seca","images/seca.png","22/01/2023"
"338","33","22/01/2023","Divisa Alegre",NA,NA,NA,NA,"SECA",-15.6986672414772,-41.3740718550105,"Seca","images/seca.png","22/01/2023"
"339","34","22/01/2023","Divisópolis",NA,NA,NA,NA,"SECA",-15.7628970744443,-40.9123229834827,"Seca","images/seca.png","22/01/2023"
"340","35","22/01/2023","Engenheiro Navarro",NA,NA,NA,NA,"SECA",-17.296484572148,-44.0140379939444,"Seca","images/seca.png","22/01/2023"
"341","36","22/01/2023","Espinosa",NA,NA,NA,NA,"SECA",-14.8590717037043,-42.9660132702439,"Seca","images/seca.png","22/01/2023"
"342","37","22/01/2023","Felisburgo",NA,NA,NA,NA,"SECA",-16.636034683388,-40.7331588243818,"Seca","images/seca.png","22/01/2023"
"343","38","22/01/2023","Formoso",NA,NA,NA,NA,"SECA",-15.1296697853309,-46.1586977497064,"Seca","images/seca.png","22/01/2023"
"344","39","22/01/2023","Francisco Badaró",NA,NA,NA,NA,"SECA",-16.9776162419786,-42.3098232709388,"Seca","images/seca.png","22/01/2023"
"345","40","22/01/2023","Francisco Dumont",NA,NA,NA,NA,"SECA",-17.4697453815114,-44.2698278761709,"Seca","images/seca.png","22/01/2023"
"346","41","22/01/2023","Francisco Sá",NA,NA,NA,NA,"SECA",-16.3936036633069,-43.4788304831152,"Seca","images/seca.png","22/01/2023"
"347","42","22/01/2023","Franciscópolis",NA,NA,NA,NA,"SECA",-17.9933235543119,-41.9679201662665,"Seca","images/seca.png","22/01/2023"
"348","43","22/01/2023","Fruta de Leite",NA,NA,NA,NA,"SECA",-16.1255766238541,-42.5199783169786,"Seca","images/seca.png","22/01/2023"
"349","44","22/01/2023","Gameleiras",NA,NA,NA,NA,"SECA",-14.9710336869202,-43.2597275704929,"Seca","images/seca.png","22/01/2023"
"350","45","22/01/2023","Glaucilândia",NA,NA,NA,NA,"SECA",-16.9038544037521,-43.6392834952913,"Seca","images/seca.png","22/01/2023"
"351","46","22/01/2023","Gouveia",NA,NA,NA,NA,"SECA",-18.5235065217889,-43.8334469546759,"Seca","images/seca.png","22/01/2023"
"352","47","22/01/2023","Grão Mogol",NA,NA,NA,NA,"SECA",-16.4639155437007,-42.9938885489663,"Seca","images/seca.png","22/01/2023"
"353","48","22/01/2023","Guaraciama",NA,NA,NA,NA,"SECA",-17.0785054627747,-43.6206313715531,"Seca","images/seca.png","22/01/2023"
"354","49","22/01/2023","Ibiaí",NA,NA,NA,NA,"SECA",-16.828769364944,-44.7902512301987,"Seca","images/seca.png","22/01/2023"
"355","50","22/01/2023","Ibiracatu",NA,NA,NA,NA,"SECA",-15.696831964409,-44.1449047847416,"Seca","images/seca.png","22/01/2023"
"356","51","22/01/2023","Icaraí de Minas",NA,NA,NA,NA,"SECA",-16.2251309203843,-44.9163567069221,"Seca","images/seca.png","22/01/2023"
"357","52","22/01/2023","Indaiabira",NA,NA,NA,NA,"SECA",-15.5621855670506,-42.14296064552,"Seca","images/seca.png","22/01/2023"
"358","53","22/01/2023","Itacambira",NA,NA,NA,NA,"SECA",-16.9349414117844,-43.3287612300959,"Seca","images/seca.png","22/01/2023"
"359","54","22/01/2023","Itacarambi",NA,NA,NA,NA,"SECA",-15.1771775351879,-44.1251389633627,"Seca","images/seca.png","22/01/2023"
"360","55","22/01/2023","Itambacuri",NA,NA,NA,NA,"SECA",-18.1590799145714,-41.8460623921683,"Seca","images/seca.png","22/01/2023"
"361","56","22/01/2023","Itaobim",NA,NA,NA,NA,"SECA",-16.583026659065,-41.5343839384477,"Seca","images/seca.png","22/01/2023"
"362","57","22/01/2023","Itamarandiba",NA,NA,NA,NA,"SECA",-17.8563923262809,-42.877013524271,"Seca","images/seca.png","22/01/2023"
"363","58","22/01/2023","Itinga",NA,NA,NA,NA,"SECA",-16.5865308020668,-41.8355962228858,"Seca","images/seca.png","22/01/2023"
"364","59","22/01/2023","Jacinto",NA,NA,NA,NA,"SECA",-16.1823864218294,-40.3137549058384,"Seca","images/seca.png","22/01/2023"
"365","60","22/01/2023","Jaíba",NA,NA,NA,NA,"SECA",-15.2326877687151,-43.6758544578914,"Seca","images/seca.png","22/01/2023"
"366","61","22/01/2023","Janaúba",NA,NA,NA,NA,"SECA",-15.7988572612138,-43.3966959913215,"Seca","images/seca.png","22/01/2023"
"367","62","22/01/2023","Januária",NA,NA,NA,NA,"SECA",-15.3200659136307,-44.8497237921103,"Seca","images/seca.png","22/01/2023"
"368","63","22/01/2023","Japonvar",NA,NA,NA,NA,"SECA",-15.9444838448155,-44.3292833459567,"Seca","images/seca.png","22/01/2023"
"369","64","22/01/2023","Jenipapo de Minas",NA,NA,NA,NA,"SECA",-17.1682567412864,-42.2153297716457,"Seca","images/seca.png","22/01/2023"
"370","65","22/01/2023","Jequitaí",NA,NA,NA,NA,"SECA",-17.2098574465508,-44.4757991832309,"Seca","images/seca.png","22/01/2023"
"371","66","22/01/2023","Jequitinhonha",NA,NA,NA,NA,"SECA",-16.3888127411311,-41.082929459777,"Seca","images/seca.png","22/01/2023"
"372","67","22/01/2023","Joaíma",NA,NA,NA,NA,"SECA",-16.770710831283,-41.0153303314175,"Seca","images/seca.png","22/01/2023"
"373","68","22/01/2023","Joaquim Felício",NA,NA,NA,NA,"SECA",-17.6760114790549,-44.111535118281,"Seca","images/seca.png","22/01/2023"
"374","69","22/01/2023","Jordânia",NA,NA,NA,NA,"SECA",-15.8833102631334,-40.3139189506871,"Seca","images/seca.png","22/01/2023"
"375","70","22/01/2023","José Gonçalves de Minas",NA,NA,NA,NA,"SECA",-16.9001761403142,-42.656131790255,"Seca","images/seca.png","22/01/2023"
"376","71","22/01/2023","Josenópolis",NA,NA,NA,NA,"SECA",-16.5416383796399,-42.5507118839575,"Seca","images/seca.png","22/01/2023"
"377","72","22/01/2023","Juramento",NA,NA,NA,NA,"SECA",-16.8401018832535,-43.5645142888674,"Seca","images/seca.png","22/01/2023"
"378","73","22/01/2023","Juvenília",NA,NA,NA,NA,"SECA",-14.3856868692845,-44.0841246470714,"Seca","images/seca.png","22/01/2023"
"379","74","22/01/2023","Ladainha",NA,NA,NA,NA,"SECA",-17.6263988051631,-41.8225231503105,"Seca","images/seca.png","22/01/2023"
"380","75","22/01/2023","Lagoa dos Patos",NA,NA,NA,NA,"SECA",-17.0078078898494,-44.6463470000045,"Seca","images/seca.png","22/01/2023"
"381","76","22/01/2023","Lassance",NA,NA,NA,NA,"SECA",-17.8808603092224,-44.6954719690863,"Seca","images/seca.png","22/01/2023"
"382","77","22/01/2023","Leme do Prado",NA,NA,NA,NA,"SECA",-17.0697966005921,-42.7445450526443,"Seca","images/seca.png","22/01/2023"
"383","78","22/01/2023","Lontra",NA,NA,NA,NA,"SECA",-15.8563448365515,-44.2696199712216,"Seca","images/seca.png","22/01/2023"
"384","79","22/01/2023","Luislândia",NA,NA,NA,NA,"SECA",-16.1962534912975,-44.5964730528474,"Seca","images/seca.png","22/01/2023"
"385","80","22/01/2023","Malacacheta",NA,NA,NA,NA,"SECA",-17.8433522786692,-42.1102106009574,"Seca","images/seca.png","22/01/2023"
"386","81","22/01/2023","Mamonas",NA,NA,NA,NA,"SECA",-15.0128202975588,-42.9539010045037,"Seca","images/seca.png","22/01/2023"
"387","82","22/01/2023","Manga",NA,NA,NA,NA,"SECA",-14.6480503924937,-44.0925566233756,"Seca","images/seca.png","22/01/2023"
"388","83","22/01/2023","Matias Cardoso",NA,NA,NA,NA,"SECA",-14.902796688733,-43.7609579037609,"Seca","images/seca.png","22/01/2023"
"389","84","22/01/2023","Mato Verde",NA,NA,NA,NA,"SECA",-15.4252925402789,-42.8641769063277,"Seca","images/seca.png","22/01/2023"
"390","85","22/01/2023","Minas Novas",NA,NA,NA,NA,"SECA",-17.3614379649866,-42.4360719737633,"Seca","images/seca.png","22/01/2023"
"391","86","22/01/2023","Mirabela",NA,NA,NA,NA,"SECA",-16.2593817701941,-44.1577010649405,"Seca","images/seca.png","22/01/2023"
"392","87","22/01/2023","Miravânia",NA,NA,NA,NA,"SECA",-14.7529483720756,-44.4215926145797,"Seca","images/seca.png","22/01/2023"
"393","88","22/01/2023","Montalvânia",NA,NA,NA,NA,"SECA",-14.4731755092683,-44.5014839575564,"Seca","images/seca.png","22/01/2023"
"394","89","22/01/2023","Monte Azul",NA,NA,NA,NA,"SECA",-15.2067612264382,-42.9687306710237,"Seca","images/seca.png","22/01/2023"
"395","90","22/01/2023","Montes Claros",NA,NA,NA,NA,"SECA",-16.6203923160673,-43.9287317371385,"Seca","images/seca.png","22/01/2023"
"396","91","22/01/2023","Montezuma",NA,NA,NA,NA,"SECA",-15.1912370654275,-42.4695100498379,"Seca","images/seca.png","22/01/2023"
"397","92","22/01/2023","Ninheira",NA,NA,NA,NA,"SECA",-15.3680997863068,-41.6599088623473,"Seca","images/seca.png","22/01/2023"
"398","93","22/01/2023","Nova Porteirinha",NA,NA,NA,NA,"SECA",-15.7345628388004,-43.2750402643451,"Seca","images/seca.png","22/01/2023"
"399","94","22/01/2023","Novo Cruzeiro",NA,NA,NA,NA,"SECA",-17.3707091276615,-41.9551244332637,"Seca","images/seca.png","22/01/2023"
"400","95","22/01/2023","Novo Oriente de Minas",NA,NA,NA,NA,"SECA",-17.2291809162302,-41.2276320564007,"Seca","images/seca.png","22/01/2023"
"401","96","22/01/2023","Novorizonte",NA,NA,NA,NA,"SECA",-16.011019908751,-42.3976949564494,"Seca","images/seca.png","22/01/2023"
"402","97","22/01/2023","Olhos-D'Água",NA,NA,NA,NA,"SECA",-17.4779361902239,-43.5948409104519,"Seca","images/seca.png","22/01/2023"
"403","98","22/01/2023","Padre Carvalho",NA,NA,NA,NA,"SECA",-16.3012273855802,-42.5863198164078,"Seca","images/seca.png","22/01/2023"
"404","99","22/01/2023","Pai Pedro",NA,NA,NA,NA,"SECA",-15.4190781139001,-43.1496721250005,"Seca","images/seca.png","22/01/2023"
"405","100","22/01/2023","Patis",NA,NA,NA,NA,"SECA",-16.0806331085211,-44.1014309110308,"Seca","images/seca.png","22/01/2023"
"406","101","22/01/2023","Pavão",NA,NA,NA,NA,"SECA",-17.4715126997536,-41.0616234006254,"Seca","images/seca.png","22/01/2023"
"407","102","22/01/2023","Pedra Azul",NA,NA,NA,NA,"SECA",-15.9550574378461,-41.1842210294779,"Seca","images/seca.png","22/01/2023"
"408","103","22/01/2023","Pedras de Maria da Cruz",NA,NA,NA,NA,"SECA",-15.6257052526917,-44.3234903920762,"Seca","images/seca.png","22/01/2023"
"409","104","22/01/2023","Pintópolis",NA,NA,NA,NA,"SECA",-16.049347194719,-45.2472458682512,"Seca","images/seca.png","22/01/2023"
"410","105","22/01/2023","Pirapora",NA,NA,NA,NA,"SECA",-17.3933163273737,-44.8674341647145,"Seca","images/seca.png","22/01/2023"
"411","106","22/01/2023","Ponto Chique",NA,NA,NA,NA,"SECA",-16.6087956864894,-44.9736368810418,"Seca","images/seca.png","22/01/2023"
"412","107","22/01/2023","Ponto dos Volantes",NA,NA,NA,NA,"SECA",-16.8342100909369,-41.4744240756583,"Seca","images/seca.png","22/01/2023"
"413","108","22/01/2023","Poté",NA,NA,NA,NA,"SECA",-17.8149734904356,-41.7693422279938,"Seca","images/seca.png","22/01/2023"
"414","109","22/01/2023","Porteirinha",NA,NA,NA,NA,"SECA",-15.7165242338585,-43.0757820112041,"Seca","images/seca.png","22/01/2023"
"415","110","22/01/2023","Riachinho",NA,NA,NA,NA,"SECA",-16.2766842345564,-45.9279576093964,"Seca","images/seca.png","22/01/2023"
"416","111","22/01/2023","Riacho dos Machados",NA,NA,NA,NA,"SECA",-16.0544764779228,-42.9934126026124,"Seca","images/seca.png","22/01/2023"
"417","112","22/01/2023","Rio do Prado",NA,NA,NA,NA,"SECA",-16.6765473834456,-40.555813060063,"Seca","images/seca.png","22/01/2023"
"418","113","22/01/2023","Rio Pardo de Minas",NA,NA,NA,NA,"SECA",-15.7088842825072,-42.5513365176917,"Seca","images/seca.png","22/01/2023"
"419","114","22/01/2023","Rubelita",NA,NA,NA,NA,"SECA",-16.3676993365704,-42.233940334766,"Seca","images/seca.png","22/01/2023"
"420","115","22/01/2023","Rubim",NA,NA,NA,NA,"SECA",-16.4638282074076,-40.494258826877,"Seca","images/seca.png","22/01/2023"
"421","116","22/01/2023","Salinas",NA,NA,NA,NA,"SECA",-16.1111258472584,-42.1520989686278,"Seca","images/seca.png","22/01/2023"
"422","117","22/01/2023","Santa Cruz de Salinas",NA,NA,NA,NA,"SECA",-16.0507303107436,-41.7898555583569,"Seca","images/seca.png","22/01/2023"
"423","118","22/01/2023","Santa Fé de Minas",NA,NA,NA,NA,"SECA",-16.7015181260033,-45.5570717507107,"Seca","images/seca.png","22/01/2023"
"424","119","22/01/2023","Santo Antônio do Jacinto",NA,NA,NA,NA,"SECA",-16.5036398118759,-40.2774752794629,"Seca","images/seca.png","22/01/2023"
"425","120","22/01/2023","Santo Antônio do Retiro",NA,NA,NA,NA,"SECA",-15.2881161764191,-42.6610256601649,"Seca","images/seca.png","22/01/2023"
"426","121","22/01/2023","São Francisco",NA,NA,NA,NA,"SECA",-15.8964726835566,-44.8613940497424,"Seca","images/seca.png","22/01/2023"
"427","122","22/01/2023","São João da Lagoa",NA,NA,NA,NA,"SECA",-16.8597664014018,-44.3346793252715,"Seca","images/seca.png","22/01/2023"
"428","123","22/01/2023","São João das Missões",NA,NA,NA,NA,"SECA",-14.8919026996557,-44.2277224161318,"Seca","images/seca.png","22/01/2023"
"429","124","22/01/2023","São João da Ponte",NA,NA,NA,NA,"SECA",-15.9084604372177,-43.8952592469997,"Seca","images/seca.png","22/01/2023"
"430","125","22/01/2023","São João do Pacuí",NA,NA,NA,NA,"SECA",-16.5553171959302,-44.5243603233739,"Seca","images/seca.png","22/01/2023"
"431","126","22/01/2023","São João do Paraíso",NA,NA,NA,NA,"SECA",-15.3427662899942,-41.976968950625,"Seca","images/seca.png","22/01/2023"
"432","127","22/01/2023","São Romão",NA,NA,NA,NA,"SECA",-16.3895034258,-45.4062374099775,"Seca","images/seca.png","22/01/2023"
"433","128","22/01/2023","Senador Modestino Gonçalves",NA,NA,NA,NA,"SECA",-17.8551896208211,-43.2409658275145,"Seca","images/seca.png","22/01/2023"
"434","129","22/01/2023","Serranópolis de Minas",NA,NA,NA,NA,"SECA",-15.8567999710891,-42.8609374194252,"Seca","images/seca.png","22/01/2023"
"435","130","22/01/2023","Setubinha",NA,NA,NA,NA,"SECA",-17.6224818448356,-42.1568379881102,"Seca","images/seca.png","22/01/2023"
"436","131","22/01/2023","Taiobeiras",NA,NA,NA,NA,"SECA",-15.8244860717047,-42.0560952117398,"Seca","images/seca.png","22/01/2023"
"437","132","22/01/2023","Teófilo Otoni",NA,NA,NA,NA,"SECA",-17.7145025934244,-41.3836203984,"Seca","images/seca.png","22/01/2023"
"438","133","22/01/2023","Turmalina",NA,NA,NA,NA,"SECA",-17.2444497396872,-42.8399865021666,"Seca","images/seca.png","22/01/2023"
"439","134","22/01/2023","Ubaí",NA,NA,NA,NA,"SECA",-16.3640177046185,-44.8476280235146,"Seca","images/seca.png","22/01/2023"
"440","135","22/01/2023","Umburatiba",NA,NA,NA,NA,"SECA",-17.2723795777219,-40.6669063150439,"Seca","images/seca.png","22/01/2023"
"441","136","22/01/2023","Urucuia",NA,NA,NA,NA,"SECA",-16.0285817946961,-45.5729048626918,"Seca","images/seca.png","22/01/2023"
"442","137","22/01/2023","Vargem Grande do Rio Pardo",NA,NA,NA,NA,"SECA",-15.3406409448044,-42.2989260522455,"Seca","images/seca.png","22/01/2023"
"443","138","22/01/2023","Várzea da Palma",NA,NA,NA,NA,"SECA",-17.4956212601684,-44.7272313331192,"Seca","images/seca.png","22/01/2023"
"444","139","22/01/2023","Varzelândia",NA,NA,NA,NA,"SECA",-15.6414607614768,-43.934432468143,"Seca","images/seca.png","22/01/2023"
"445","140","22/01/2023","Verdelândia",NA,NA,NA,NA,"SECA",-15.5401795884012,-43.6282682430522,"Seca","images/seca.png","22/01/2023"
"446","141","22/01/2023","Veredinha",NA,NA,NA,NA,"SECA",-17.4876540102473,-42.7252738846473,"Seca","images/seca.png","22/01/2023"
"447","142","22/01/2023","Virgem da Lapa",NA,NA,NA,NA,"SECA",-16.7154217065154,-42.3396609337961,"Seca","images/seca.png","22/01/2023"
"448","143","22/01/2023","Glaucilândia",NA,NA,NA,NA,"SECA",-16.9038544037521,-43.6392834952913,"Seca","images/seca.png","22/01/2023"
"449","144","22/01/2023","Carlos Chagas",NA,NA,NA,NA,"SECA",-17.6740848141508,-40.8419109931526,"Seca","images/seca.png","22/01/2023"
"450","145","22/01/2023","Salinas",NA,NA,NA,NA,"SECA",-16.1111258472584,-42.1520989686278,"Seca","images/seca.png","22/01/2023"
"451","146","22/01/2023","Joaíma",NA,NA,NA,NA,"SECA",-16.770710831283,-41.0153303314175,"Seca","images/seca.png","22/01/2023"
"452","147","22/01/2023","Lontra",NA,NA,NA,NA,"SECA",-15.8563448365515,-44.2696199712216,"Seca","images/seca.png","22/01/2023"
"453","148","22/01/2023","Rio Pardo de Minas",NA,NA,NA,NA,"SECA",-15.7088842825072,-42.5513365176917,"Seca","images/seca.png","22/01/2023"
"454","149","22/01/2023","Novo Oriente de Minas",NA,NA,NA,NA,"SECA",-17.2291809162302,-41.2276320564007,"Seca","images/seca.png","22/01/2023"
"455","150","22/01/2023","Brasília de Minas",NA,NA,NA,NA,"SECA",-16.2426487714101,-44.4390512771039,"Seca","images/seca.png","22/01/2023"
